url,category,name,price,description,comments
https://chiaki.vn/bill-my-bay-air-dau-ca-sports-research-omega-3-fish-oil-triple-strength-150-vien,Thực phẩm chức năng / thuốc,Dầu cá Sports Research Omega-3 Fish Oil Triple Strength 150 viên - Bổ sung Omega-3 cho sức khỏe tim mạch và chức năng não bộ,1.189.000 đ,"BILL MỸ - BAY AIR Dầu cá Sports Research Omega-3 Fish Oil Triple Strength 150 viên Dầu cá Sports Research Omega-3 Fish Oil Triple Strength là sản phẩm bổ sung omega-3 được sản xuất từ cá hồi, cá mòi, và cá thu. Với 150 viên nén, sản phẩm cung cấp hàm lượng omega-3 cao, giúp hỗ trợ sức khỏe tim mạch và cải thiện chức năng não bộ. Các lợi ích nổi bật Bổ sung Omega-3 thiết yếu cho cơ thể. Cải thiện sức khỏe tim mạch, giúp duy trì huyết áp ở mức ổn định. Giúp cải thiện chức năng não bộ, hỗ trợ trí nhớ và sự tập trung tốt hơn. Thành phần chính Sản phẩm được chiết xuất từ cá hồi, cá mòi, và cá thu, cung cấp một loại omega-3 quý giá có tên là EPA và DHA. Đây là những axit béo cần thiết cho sức khỏe, đặc biệt là cho tim và não. Đối tượng sử dụng Người trưởng thành cần bổ sung omega-3 vào chế độ ăn hàng ngày. Người có dấu hiệu rối loạn tim mạch hoặc có tiền sử gia đình bị vấn đề sức khỏe tim. Những ai muốn cải thiện chức năng não, độ bền và sức khỏe tâm thần. Hướng dẫn sử dụng Sử dụng 2 viên mỗi ngày trong bữa ăn để có hiệu quả tối ưu. Uống với nước để dễ nuốt hơn. Không vượt quá liều khuyến cáo để tránh Ưu điểm phụ không mong muốn. Lưu ý khi sử dụng Không sử dụng cho người dị ứng với cá hoặc bất kỳ thành phần nào của sản phẩm. Trẻ em và phụ nữ mang thai nên tham khảo ý kiến bác sĩ trước khi sử dụng. Cam kết chất lượng Sản phẩm được cấp chứng nhận bởi các tổ chức uy tín và đã trải qua quá trình kiểm nghiệm khắt khe về chất lượng cũng như độ lành tính. Sports Research luôn cam kết mang đến sản phẩm lành tính và có lợi cho sức khỏe người tiêu dùng. Hãy trải nghiệm ngay BILL MỸ - BAY AIR Dầu cá Sports Research Omega-3 Fish Oil Triple Strength để tăng cường sức khỏe cho bản thân và gia đình bạn! Thực phẩm này không phải là thuốc, không có tác dụng thay thế thuốc chữa bệnh. Hiệu quả sử dụng tùy thuộc cơ địa từng người.","[""Loại này có thể nói là cao cấp nhất trong các loại mình từng dùng rồi. Shop giao nhanh chóng đúng hẹn. Đóng gói chuẩn chỉnh ok"", ""Chai khá chắc chắn. Okeeeeee"", ""Dầu cá này ko có mùi khó chịu như 1 số loại trước hay dùng. Hình như do chiết xuất tốt hơn, uống ko bị ợ mùi cá."", ""Giao chuẩn bill Mỹ luôn =]"", ""Thấy nhìu ng khen lắm nên thử."", ""Uống vài hôm thấy cũng êm."", ""Ko đau bụng ^^"", ""Dùng hết 1 lọ rồi mua lại típ =] Giá rổ ổn so với mấy loại nhập ở VN"", ""Thấy sức khỏe cải thiện hẳn, tập gym xong ko bị mệt như trc nữa :3 hài lòng"", ""Chất lượng oke nha."", ""Không tanh mấy ^^ uống dễ lắm luôn"", ""Mang đi tập gym uống mỗi ngày thấy năng lượng giữ tốt, đầu óc tỉnh luôn, ko lăn tăn vụ tanh cá :) Từ khi uống thấy ko còn choáng nhẹ mỗi lần tập nặng"", ""Từng dùng 1 loại omega-3 VN rồi chuyển wa loại này, bổ sung cảm nhận rõ hơn, đầu bớt căng, ngồi máy lâu ko bị đau đầu nhiều nữa, đóng hộp xịn xò, thích lắm =]""]"
https://chiaki.vn/loi-sua-tadavina-h30-goi-giup-loi-sua-tang-tiet-sua-va-giam-nguy-co-tac-tuyen-sua-me-sau-sinh,Thực phẩm chức năng / thuốc,"Lợi Sữa TADAVINA H30 - Tăng Tiết Sữa, Giảm Tắc Tuyến Sữa Cho Mẹ Sau Sinh - Sản Phẩm Bảo Vệ Sức Khỏe Mẹ Và Bé",299.000 đ,"Nuôi con bằng sữa mẹ không chỉ là giải pháp, đó còn là chặng hành trình đầy ý nghĩa, mang lại nhiều lợi ích cho mẹ & bé. Chính vì lẽ đó tổ chức y tế thế giới (#WHO) và quỹ nhi đồng liên hợp quốc (#UNICEF) khuyến khích cho con bú trong 1 vòng giờ sau khi sinh và duy trì nuôi con bằng sữa mẹ trong 2 năm đầu đời hoặc tối thiểu là đến 6 tháng tuổi Tuy nhiên, không phải mẹ nào cũng có đủ sữa cho con bú. Rất nhiều nguyên nhân làm mất sữa và tắc sữa sau sinh khiến các mẹ bỉm hoang mang, lo lắng, thậm chí là căng thẳng s.tre.ss kéo dài Sản phẩm Lợi sữa Tadavina (Hộp 30 gói) là sản phẩm chăm sóc sức khỏe cho mẹ sau sinh đặc biệt là sinh mổ Sản phẩm được các chuyên gia tin dùng, có mặt tại các BV sản lớn như BV Từ Dũ, BV Hùng Vương,... Với công thức độc quyền từ các thành phần thiên nhiên truyền thống kết hợp dưỡng chất thiết yếu, sản phẩm hỗ trợ: -Tăng tiết sữa và cải thiện chất lượng sữa mẹ. -Giảm nguy cơ tắc tuyến sữa. -Giúp mẹ nhanh hồi phục sức khỏe sau sinh. Qua đó, bé được hưởng nguồn sữa mẹ dồi dào, giàu dinh dưỡng trong giai đoạn bú mẹ. Mẹ sau sinh dùng ngay Lợi sữa Tadavina, nhanh chóng lấy lại sức khỏe, sữa nhanh về cho bé bú. Các mẹ nhớ liên lạc với NT Family để được hỗ trợ tư vấn thêm nha! THÀNH PHẦN trong 1 gói 5g: - Cao Đinh lăng ........................ 180mg - Cao Cỏ sữa lá nhỏ ................. 150mg - Chiết xuất Mầm đậu nành ... 100mg - Cao Chè vằng ......................... 75mg - Cao cỏ Cari .............................. 50mg - Cao Mạch môn ....................... 30mg - Cao Thiên môn chùm ............ 30mg - Kẽm gluconat .......................... 2,5mg - Vitamin A .................................. 600mcg - Vitamin B1, B2, B6 ........ Phụ liệu (Lactose, Maltodextrin, Saccarose, hương Vani Sữa) AI CẦN SỬ DỤNG? Phụ nữ sau sinh bị tắc tia sữa, ít sữa, muốn tăng tiết sữa. HƯỚNG DẪN SỬ DỤNG: Mỗi lần dùng 2 gói, ngày dùng 2-3 lần tùy theo tình trạng sữa mẹ nhiều hay ít. Pha 2 gói với 100 -200ml nước ấm và sử dụng ngay. Sản phẩm đóng gói dạng hộp màu hồng tím 30 gói, với mỗi gói có trọng lượng 5g để dễ dàng mang theo và uống khi cần thiết. Lợi Sữa Tadavina được sản xuất theo tiêu chuẩn GMP & ISO-22000 Việt Nam. HSD 36 tháng từ ngày sản xuất. Sản phẩm là thực phẩm bảo vệ sức khỏe Nếu bạn muốn chăm sóc & nuôi dưỡng bé yêu của bạn bằng việc cung cấp toàn diện dinh dưỡng thông qua sữa mẹ hay muốn tăng cường số lượng sữa mẹ thì hãy dùng LỢI SỮA TADAVINA ngay nhé! ================================ Sản phẩm Lợi sữa Tadavina chính hãng được bán tại NT Family Store #Loisua #Loisuatadavina #comloisua #mesausinh #loisuatasuamum #tadavina #tasuamum #lactamum #dinhlang #dinhlangloisua #chevangloisua #nuoiconbangsuame #tangtietsua #tangchatluongsua #giamtactiasua #bvhungvuong #bvtudu Thực phẩm này không phải là thuốc, không có tác dụng thay thế thuốc chữa bệnh. Hiệu quả sử dụng tùy thuộc cơ địa từng người.","[""Giao hàng khá nhanh, hộp gọn xách đi đâu cũng tiện :3"", ""Uống đều hằng ngày thì sữa về khá nhanh, đặc biệt cho mẹ sinh mổ như mình."", ""K bị nóng trong mà cũng không tăng cân bất thường ^^"", ""Chị hàng xóm bảo uống loại này sữa nhanh về mà đúng thật =), không gây mệt như uống mầm đậu nành đơn."", ""Bé chịu hợp hơn"", ""Gói nhỏ uống tiện lợi, không bị lẫn vị thuốc khó chịu."", ""Giao hàng đúng hẹn, đóng gói chắc chắn, có mã vạch tra cứu đàng hoàng."", ""Dùng xong còn đặt thêm hộp nữa"", ""Mấy hôm bị tắc sữa chỉ mong có gói này để uống :3 Pha nhanh, đỡ công nấu, hỗ trợ lợi sữa tốt hơn hẳn mấy loại cỏ thông thường"", ""Vị thanh, uống mát, ko khó uống như chè vằng nguyên chất ^^ dùng đều thì sữa về dễ thấy."", ""Bé khoẻ mạnh hơn, mẹ đỡ stress nhiều lắm luôn T_T"", ""Chị em sau sinh ai thiếu sữa nên dùng thử. Giao siêu nhanh, có mấy hôm là nhận đc hàng rồi ngang =))))"", ""Sản phẩm hữu ích cho mẹ xài sau sinh, nhất là ai ít sữa. Sữa về ok hơn mà không gây tăng cân như mấy loại bột đậu =]"", ""Giao nhanh, hộp nhỏ gọn, tiện bỏ vào túi đem theo."", ""Pha uống dễ. Mùi thơm nhẹ chứ k nồng :)"", ""Đã thử nhiều loại, thấy loại này sữa về đều hơn."", ""Bé không còn hay quấy nữa."", ""Đóng gói tiện dùng. Hạn sử dụng lâu thích phết""]"
https://chiaki.vn/tao-xoan-spirulina-nhat-ban-hop-2200-vien,Thực phẩm chức năng / thuốc,"Tảo xoắn Spirulina Nhật Bản 2200 viên - Thực phẩm chức năng dinh dưỡng cao cho sức khỏe, hỗ trợ làm đẹp và tăng cường sức đề kháng",429.000 đ,"Thực phẩm này không phải là thuốc, không có tác dụng thay thế thuốc chữa bệnh. Hiệu quả sử dụng tùy thuộc cơ địa từng người.","[""Đã nhận hàng như quảng cáo. Giao hàng nhanh. Chất lượng chưa dùng chưa biết"", ""sp nhận như qc có tem bảo đảm của Chiaki , giao hàng nhanh ủng hộ shop ở lần mua kế tiếp"", ""sản phẩm đóng gói kỹ, sử dụng lần đầu đã thấy ăn ngon ngủ ngon. Hợp với sản phẩm nên mình sẽ sử dụng lâu dài."", ""Hàng rất tốt"", ""cảm ơn bạn đã feedback sau khi trải nghiệm mua sắm trên chiaki.vn, cần hỗ trợ thêm gì bạn có thể liên hệ tổng đài để được nhân viên hỗ trợ cho bạn nhé, cảm ơn bạn ạ."", ""Giao hàng nhanh, đóng gói cẩn thận."", ""Nhìn bên ngoài là hàng chuẩn, chữ in sắc nét. Có nghi hạn sử dụng."", ""Tiếp tục ủng hộ Chiaki Shop."", ""Giao hàng nhanh, đóng gói chắc chắn. Sản phẩm đúng như quảng cáo."", ""mỗi ngày mình đều kiên trì uống viên uống tảo xoắn này để làm đẹp da. được cái mình an tâm là viên uống làm đẹp từ bên trong"", ""đi đâu mình cũng mang theo em ấy nhưng vì lọ khá to nên hơi bất tiện một chút. viên uống cũng rất hiệu quả"", ""Tảo xoắn 2200 viên nhãn đỏ khác với nhan trắng nhu the nao chia ki"", ""Tảo mác trắng là hàng nội địa, mác đỏ là hàng xuất khẩu bạn ạ""]"
https://chiaki.vn/siro-sang-mat-hop-20-ong-10ml-hadiphar-hang-viet-nam,Thực phẩm chức năng / thuốc,"Siro Bổ Mắt Hadiphar 20 ống 10ml - Hỗ Trợ Giảm Mờ Mắt, Nhức Mỏi Mắt, Tăng Cường Thị Lực - Hàng Việt Nam",265.000 đ,"NHÀ SẢN XUẤT Hadiphar – Công ty CP Dược Hà Tĩnh SỐ ĐĂNG KÝ VD-25589-16 DẠNG BÀO CHẾ Siro QUÝ CÁCH ĐÓNG GÓI Hộp 20 ống x10ml THÀNH PHẦN Đương Quy (Angelica sinensis (Oliv.) Diels), Bạch Thược (Paeonia lactiflora P.), Bạch Tật Lê (Quỷ Kiến Sầu), Câu Kỷ Tử (Fructus Lycii), Trạch Tả (Mã đề nước – Alisma plantago-aquatica), Phục Linh (Poria cocos (Schw.) Wolf ), Thục Địa (Rehmannia glutinosa), Hoài Sơn (Củ Mài, Sơn Dược – Dioscorea persimilis), Thảo Quyết Minh (Đậu ma, Muồng lạc – Senna tora), Sơn Thù Du (Cornus officinalis Sieb. et Zucc.), Cúc Hoa Vàng (Kim cúc – Chrysanthemum indicum L.), Đan Bì (Mẫu Đơn Bì) HIỆU QUẢ Hỗ trợ giúp giảm mờ mắt, nhức mỏi mắt, chói mắt, đỏ mắt, khô mắt, chảy nước mắt, tăng cường thị lực. Hỗ trợ giúp ngăn ngừa cận thị. Hỗ trợ giảm nguy cơ lão hóa mắt, đục thủy tinh thể. ĐỐI TƯỢNG CẦN DÙNG BỔ SUNG: Người bị mỏi mắt, mờ mắt, khô mắt, chảy nước mắt. Người có thị lực bị suy giảm. Người bị cận thị. Người có nhu cầu chăm sóc, bảo vệ mắt, chống cận thị. XUẤT XỨ: Việt Nam Thực phẩm này không phải là thuốc, không có tác dụng thay thế thuốc chữa bệnh. Hiệu quả sử dụng tùy thuộc cơ địa từng người.","[""Uống vị dễ chịu mà thấy đỡ mỏi mắt liền =)"", ""Nên mua dùng thử, giá ổn. Sẽ giới thiệu cho bạn bè nếu thấy hiệu quả lâu dài :)"", ""Dùng thấy mắt sáng hơn sau 2 tuần."", ""Cho mẹ uống cùng, cũng hợp ^^"", ""Trước giờ toàn xài viên uống, giờ đổi sang siro thấy đỡ đau dạ dày hơn nhé ^^"", ""Nên xài kiên trì mới thấy rõ, như mình là 1 tháng thì hiệu quả rõ rệt luôn. Đựng trong hộp ống mini tiện lợi ghê XD"", ""Lần đầu dùng siro kiểu này, thấy vị dễ chịu, mắt đỡ mỏi khi đọc sách :)"", ""Tư vấn của shop nhiệt tình, giải đáp kỹ càng."", ""Uống liền 2 hộp mắt không còn đỏ sau khi dùng điện thoại"", ""Lúc đầu còn sợ ngọt gắt nhưng uống lại ổn."", ""Sau gần 1 tháng thấy mắt đỡ mỏi hẳn so với mấy loại dạng viên =]"", ""Cũng ko kỳ vọng gì nhiều đâu mà xài hợp ghê. Giao xong mở hộp thấy đúng hàng chuẩn shop gửi"", ""Hộp chắc chắn, có tem chống hàng giả nha ae, lần đầu thấy hàng Việt đóng gói xịn vậy :3""]"
https://chiaki.vn/tinh-chat-hau-tuoi-nhat-ban-orihiro-120-vien,Thực phẩm chức năng / thuốc,"Tinh Chất Hàu Tươi Nhật Bản Orihiro 120 Viên - Hỗ Trợ Tăng Cường Sinh Lý Nam Giới, Cải Thiện Chất Lượng Tinh Trùng",375.000 đ,"Tinh chất hàu orihiro của Nhật Bản 120 viên Tinh chất hàu orihiro được chiết xuất từ thịt hàu tươi đánh bắt từ biển sâu tại vùng biển Hiroshima, Nhật Bản, hỗ trợ sức khỏe nam giới, hỗ trợ nam giới lấy lại bản lĩnh, làm chủ cuộc vui. Tinh chất hàu Orihiro hỗ trợ cho sức khỏe của nam giới mẫu mới Tinh chất hàu Orihiro hỗ trợ cho sức khỏe của nam giới mẫu cũ Hiệu quả sử dụng của tinh chất hàu tươi Orihiro Tinh chất hàu tươi Orihiro hỗ trợ sức khỏe nam giới Hỗ trợ bổ sung các vitamin Hỗ trợ nam giới lấy lại phong độ Hỗ trợ cải thiện đời sống vợ chồng Tinh chất hàu của Nhật thích hợp sử dụng cho nam giới đang có mong muốn sinh con Những ai nên sử dụng tinh chất hàu Nhật Bản Orihiro? Nam giới gặp vấn đề trong sinh hoạt vợ chồng Nam giới thường xuyên mệt mỏi, suy nhược, ăn uống kém, khó tiêu Người thường xuyên rượu bia, sinh hoạt không điều độ, hệ bài tiết kém. Những đối tượng gặp vấn đề về tiêu hóa, có dấu hiệu mất ham muốn… Người không thường xuyên tập thể thao. Nam giới nên sử dụng tinh chất hàu tươi Orihiro Hàm lượng có trong 4 viên hàu tươi Orihiro (2.2g) Hàu: 500mg Kẽm: 12mg Vitamin B1: 24mg Vitamin B2: 11mg Vitamin B6: 9mg Vitamin B12: 30µg Liều dùng Ngày 4 viên chia làm 2 lần, có thể dùng trong bữa ăn, uống với nước nóng hay lạnh đều được. Một vài câu hỏi khi sử dụng tinh chất hàu Orihiro Bao nhiêu tuổi thì uống được tinh chất hàu Orihiro? Sản phẩm thích hợp sử dụng cho nam giới từ 18 tuổi trở lên. Dùng tinh chất hàu Orihiro bao lâu thì có hiệu quả? Hiệu quả của viên uống tinh chất hàu Orihiro phụ thuộc vào cơ địa của mỗi người. Tuy nhiên theo như phản hồi của khách hàng thì sau khi sử dụng 1 -2 hộp thì bạn đã cảm nhận được sự khác biệt mà sản phẩm đem lại. Sản phẩm nên sử dụng như thế nào là đúng cách ? Sản phẩm tinh chất hàu Orihiro được hướng dẫn nên uống 4 viên / ngày , chia làm 2 lần uống. Nên sử dụng trong bữa ăn. Đối với những người lần đầu sử dụng thì nên giảm liều lượng xuống. Ngoài ra đối với những người gặp vấn đề về kích ứng với hải sản thì nên lưu ý. Nên bảo quản như thế nào để không làm ảnh hưởng đến chất lượng bên trong ? Sản phẩm tinh chất hàu Orihiro được đóng gói trong hộp thủy tinh màu tối, có nắp nhôm vặn kín, bên ngoài bao bì hộp giấy và trong sản phẩm đều được in thông tin khá rõ ràng về sản phẩm. Do đó bạn chỉ cần bảo quản sản phẩm ở những nơi khô thoáng, tránh ánh nắng trực tiếp hoặc những nơi có nguồn nhiệt cao, tránh để nước dây vào sản phẩm, đậy kín sau khi sử dụng , để xa tầm tay trẻ em và không cần bảo quản trong tủ lạnh. Trong quá trình sử dụng thì tôi nên lưu ý điều gì ? Trong quá trình sử dụng thực phẩm chức năng tinh chất hàu Orihiro thì bạn nên có những lưu ý như sau : duy trì mức cân nặng lý tưởng, tránh để cơ thể quá gầy hoặc quá béo. Điều này khiến tinh binh cũng bị ảnh hưởng, cần hoạt động thể dục thể thao đều đặn, thường xuyên có chế độ ăn uống lành mạnh, ăn các loại thực phẩm có nguồn gốc tự nhiên, như trái cây xanh, hải sản, ngũ cốc, rau mùi, thịt gia cầm, ngũ cốc, các thực phẩm có chứa vitamin và vi chất. THAM KHẢO: Viên uống hỗ trợ sinh lý nam GNC Mega Men Prostate Mua tinh chất hàu Nhật Bản Orihiro Nhật Bản chính hãng ở đâu? Chiaki.vn cam kết cung cấp tinh chất hàu Nhật Bản Orihiro Nhật Bản và nhiều sản phẩm hỗ trợ tăng cường sinh lý nam chính hãng. Khách hàng có thể đặt mua bằng cách: Đặt mua Online bằng nút ""Mua hàng"" trên trang chi tiết sản phẩm THÔNG TIN CHI TIẾT SẢN PHẨM Tên sản phẩm Tinh chất hàu tươi Nhật Bản Orihiro 120 viên Phân nhóm Tăng cường sinh lý nam Nhà sản xuất Orihiro Xuất xứ thương hiệu Nhật Bản Quy cách đóng gói Lọ 120 viên Giá 375.000 VNĐ/Lọ Thực phẩm này không phải là thuốc, không có tác dụng thay thế thuốc chữa bệnh. Hiệu quả sử dụng tùy thuộc cơ địa từng người.","[""Không che tên sp"", ""Mới nhận được hàng uống thử xem ok lần sau sẽ mua tiếp"", ""Chiaki xin cảm ơn Quý khách ạ!"", ""Mới nhận hàng đóng gói cẩn thận, chưa uống nên chưa kiểm định được."", ""Đúng hàng sau khi ktra mã vạch"", ""dùng rất tốt"", ""Sau khi dùng 2 hộp hàu Orihiro này tình trạng của mình được cải thiện rõ rệt, và sau hộp thứ 3 vợ mình đã có tin vui"", ""vợ hỏi dùng gì mà sức khỏe kỳ diệu vậy các ông ạ, mà cũng đỡ stress hơn trước, dùng ổn, tốt"", ""uống 4 viên 1 ngày là mình uống sau ăn hay sao bạn ?"", ""Mình có 2 đứa rồi nhưng dạo này cảm thấy ít ham muốn hơn nên mua dùng thử, uống như ăn kẹo, đi tiểu có màu vàng đậm do tác dụng của vitamin B12, chuyện chăn gối không thấy đáng kể nhiều nhưng được cái ngủ rất ngon, ngủ như chết""]"
https://chiaki.vn/dau-nhuyen-the-super-omega-3-krill-oil-2000mg-eikenbi,Thực phẩm chức năng / thuốc,"Dầu nhuyễn thể Super Omega 3 Krill Oil 2000mg Eikenbi - Hỗ trợ sức khỏe, đẹp da, tăng cường trí nhớ - 60 viên bổ sung omega 3 cao cấp",679.000 đ,"Dầu nhuyễn thể Super Omega 3 Krill Oil 2000mg Eikenbi Dầu nhuyễn thể Super Omega 3 Krill Oil 2000mg Eikenbi hỗ trợ bổ sung các dưỡng chất thiết yếu cho cơ thể. Sản phẩm giúp hỗ trợ chống oxy hóa. Dầu nhuyễn thể Super Omega 3 Krill Oil 2000mg Eikenbi 60 viên Ưu điểm của dầu nhuyễn thể Super Omega 3 Krill Oil 2000mg Eikenbi Chứa Omega-3 lên tới 2000mg cho mỗi viên. Hỗ trợ làm đẹp da. Hỗ trợ bổ mắt, tăng cường thị lực. Hỗ trợ tốt cho tim mạch, ngăn các vấn đề liên quan. Hỗ trợ tăng cường trí nhớ, tăng sự tập trung. Hỗ trợ tăng miễn dịch, tăng sức khỏe khớp. Thành phần của dầu nhuyễn thể Super Omega 3 Krill Oil Dầu nhuyễn thể từ tôm Astaxanthin Phospholipid Vitamin E Vitamin A,... Hướng dẫn sử dụng Người lớn uống ngày 2 viên. Uống sau bữa ăn. Lưu ý Không dùng cho người mẫn cảm với thành phần sản phẩm. Tham khảo ý kiến chuyên gia trước khi dùng nếu bạn đang dùng các loại sản phẩm khác. Mua dầu nhuyễn thể Super Omega 3 Krill Oil chính hãng ở đâu? Tại Chiaki.vn cam kết cung cấp dầu nhuyễn thể Super Omega 3 Krill Oil 2000mg Eikenbi chính hãng. Để đặt mua sản phẩm khách hàng có thể mua Online hoặc gọi số 0962.111.300 để được tư vấn. hông tin sản phẩm Tên sản phẩm Dầu nhuyễn thể Super Omega 3 Krill Oil 2000mg Eikenbi Thương hiệu Eikenbi Xuất xứ thương hiệu Nhật Bản Quy cách đóng gói 60 viên Giá 679.000 VNĐ/ Hộp Thực phẩm này không phải là thuốc, không có tác dụng thay thế thuốc chữa bệnh. Hiệu quả sử dụng tùy thuộc cơ địa từng người.","[""Giao rất nhanh, đóng gói cẩn thận, hạn sd dài, nguyên Seal"", ""Giao hàng nhanh, đóng gói cẩn thận."", ""Thuoc dung tot, đong goi can than, giao hang nhanh"", ""2. Viết nhận xét của bạn vào bên dưới:"", ""Nội dung không được vượt quá 800 kí tự!"", ""3. Thông tin cá nhân của bạn""]"
https://chiaki.vn/vitamin-d3-uvedose-100-000-iu-phap-tang-de-khang-hap-thu-canxi-phong-coi-xuong-ong-uong-3-thang,Thực phẩm chức năng / thuốc,"[Hàng Pháp] Vitamin D3 Uvedose 100.000 U.I. - Tăng Đề Kháng, Hỗ Trợ Xương Khỏe, Dễ Uống Cho Trẻ Em Và Người Lớn",99.000 đ,"Hàng Pháp - Vitamin D3 Uvedose 100.000 U.I. - Tăng Đề Kháng, Hỗ Trợ Xương Khỏe Vitamin D3 Uvedose 100.000 U.I. là sản phẩm bổ sung vitamin D3 liều cao đến từ Uvedose – Pháp, hiện được phân phối rộng rãi tại các nhà sản phẩm hỗ trợ và siêu thị sản phẩm chăm sóc sức khỏe lớn tại Pháp. Sản phẩm tích hợp các lợi ích thiết yếu cho sức khỏe, giúp tăng cường đề kháng và hỗ trợ xương, khung xương chắc khỏe. Giới Thiệu Sản Phẩm Sản phẩm được bào chế dưới dạng dung dịch uống liều cao, dễ dàng cho việc tiếp nhận. Chỉ cần một ống uống mỗi ba tháng, Vitamin D3 Uvedose sẽ giúp cơ thể dự trữ vitamin D hiệu quả và giải phóng dần theo nhu cầu. Đây là một giải pháp lý tưởng cho trẻ nhỏ và những người bận rộn. Đối Tượng Sử Dụng Trẻ em từ 18 tháng tuổi trở lên. Trẻ em trong độ tuổi phát triển chiều cao. Thanh thiếu niên tuổi dậy thì. Phụ nữ mang thai và cho con bú. Người lớn tuổi, người ít tiếp xúc ánh nắng. Những người có nguy cơ thiếu vitamin D và loãng xương. Lợi Ích Nổi Bật Của Vitamin D3 Uvedose 100.000 U.I. Hỗ trợ xương và chiều cao: Tăng hấp thu canxi và phospho tại ruột. Hỗ trợ phát triển xương và răng chắc khỏe. Phòng ngừa còi xương và chậm lớn ở trẻ em. Tăng đề kháng và miễn dịch: Hỗ trợ hệ miễn dịch khỏe mạnh. Giảm nguy cơ nhiễm trùng đường hô hấp. Giúp trẻ ngủ ngon, ngủ sâu giấc hơn. Giải quyết thiếu vitamin D: Phòng và hỗ trợ điều chỉnh thiếu vitamin D cho người ít ra nắng. Giảm biểu hiện như rụng tóc hình vành khăn, khó ngủ, quấy khóc ở trẻ. Lợi ích cho người lớn và người cao tuổi: Ngăn ngừa loãng xương. Hạn chế tình trạng mất răng và yếu xương ở người già. Ưu Điểm Vượt Trội Của Vitamin D3 Uvedose Liều cao 100.000 U.I. chỉ cần uống 1 lần cho 3 tháng. Hấp thu tốt, giải phóng dần theo nhu cầu cơ thể. Không chứa gluten, đường, lactose, men, phẩm màu hay chất tạo ngọt nhân tạo. Dạng ống uống tiện lợi, dễ sử dụng cho cả trẻ em và người lớn. Sử Dụng & Liều Dùng Uống 1 ống/lần, dùng cho 3 tháng. Sau 3 tháng có thể nhắc lại liều theo nhu cầu. Ngày nên uống vào buổi sáng, có thể uống trực tiếp hoặc pha với nước/sữa để dễ dàng tiếp nhận. Xuất Xứ & Chất Lượng Sản phẩm có xuất xứ từ Pháp, thương hiệu Uvedose đã được phân phối tại các hệ thống nhà sản phẩm hỗ trợ lớn tại Pháp, được khuyến cáo chất lượng và tính hiệu quả của sản phẩm. Thực phẩm này không phải là thuốc, không có tác dụng thay thế thuốc chữa bệnh. Hiệu quả sử dụng tùy thuộc cơ địa từng người.","[""Tốt, giao hàng nhanh"", ""Uống dễ, tầm 2 tuần là thấy khỏe hơn ^^ chắc do d3 mạnh, giao hàng cũng ổn nữa :3"", ""Thiếu vitamin D hay bị đau lưng, dùng được tháng nay chưa thấy đau lại."", ""Dạng ống dễ uống hợp với người lớn tuổi =)"", ""Lần đầu đặt online cứ sợ fake, nhận hàng check kỹ thấy tem mác đầy đủ."", ""Bé hấp thu, chơi khỏe hơn hẳn. An tâm để dùng tiếp"", ""Dùng cho cả nhà luôn, bố mẹ lâu lâu cũng bổ sung thấy ổn."", ""Ai cũng uống được nên tiết kiệm"", ""Sản phẩm ok nè, bé con nhà mình biếng ăn uống xong thấy ngon miệng hơn chút với ngủ sâu giấc hơn nữa :3"", ""Lúc đầu sợ bé không chịu uống mà hóa ra ổn phết. Dạng nước tiện, mẹ khỏi mất thời gian lọ mọ."", ""Dùng hết lọ sẽ mua tiếp ^^"", ""Tiện mua lại dễ uống XD"", ""Đóng gói kỹ, giao tới nơi nguyên vẹn. Cảm giác hàng xịn nên khá yên tâm."", ""Đợi hết liều sẽ mua lại :)"", ""Từng xài loại D3 Mỹ nhưng phải uống mỗi ngày hơi phiền. Chuyển qua cái này 3 tháng uống 1 lần đỡ lắm luôn =)) Bé nghe lời không khóc nữa""]"
https://chiaki.vn/vien-uong-canxi-magie-d3-ho-tro-giam-nguy-co-loang-xuong-thieu-hut-canxi,Thực phẩm chức năng / thuốc,"Viên Uống Canxi Magiê D3 180 Viên - Bổ Sung Canxi, Magiê và Vitamin D Cho Xương Chắc Khỏe, Giảm Nguy Cơ Loãng Xương",750.000 đ,"Viên nén trắng, hình oval, không mùi, tan chậm — uống kèm bữa ăn để tăng hiệu quả hấp thu canxi và magie. Khối lượng tịnh: 180 viên/lọ. Dạng bào chế: viên nén. Thành phần: Trong 1 viên 0,95 g chứa: Thành phần chính: Canxi (calcium carbonate và rong biển) (200 mg), Magiê (Magiê oxide) (66,7 mg), Kẽm (Kẽm sulfate) (5 mg), Mangan (Mangan citrate) (1,2 mg), Vitamin D3 (cholecalciferol) (5 mcg). Bổ sung Canxi, Magiê, Vitamin D. Hỗ trợ giảm nguy cơ thiếu hụt Canxi, giúp xương, răng chắc khỏe. Hỗ trợ giảm nguy cơ loãng xương. Cách dùng: Uống mỗi lần 1 viên, mỗi ngày 3 lần, nên dùng ngay sau bữa ăn. Trẻ em từ 6 đến 18 tuổi uống 1 viên mỗi ngày. Người trưởng thành uống 3 viên mỗi ngày. Đối tượng sử dụng: Trẻ em từ 6 tuổi trở lên và người trưởng thành. Hướng dẫn bảo quản: Bảo quản nơi khô ráo, thoáng mát. Tránh ánh sáng trực tiếp. Đóng chặt nắp sau mỗi lần sử dụng. Lưu ý: Không sử dụng cho người có mẫn cảm, kiêng kỵ với bất kỳ thành phần nào của sản phẩm. Phụ nữ có thai, cho con bú hoặc người đang được chăm sóc y tế nên tham vấn ý kiến của chuyên gia dinh dưỡng hoặc bác sĩ trước khi dùng. Để xa tầm tay của trẻ nhỏ. Đọc kỹ hướng dẫn sử dụng trước khi dùng Sản xuất bởi ACCESS BUSINESS GROUP, LLC. Địa chỉ: 5101 Spaulding Plaza, Ada, Michigan, 49355, Hoa Kỳ. Xuất xứ: Hoa Kỳ. Giấy tiếp nhận đăng ký bản công bố sản phẩm số: 4144/2023/ĐKSP. Ngày: 05/05/2023. Giấy xác nhận nội dung quảng cáo số: 312/2024/XNQC-ATTP. Ngày: 27/02/2024. Thực phẩm này không phải là thuốc, không có tác dụng thay thế thuốc chữa bệnh. Hiệu quả sử dụng tùy thuộc cơ địa từng người.","[""Giao về khá nhanh, đóng gói cẩn thận, nhìn cũng ưng á :3"", ""Hộp chắc, giao hàng đóng gói kỹ. Chưa thử loại nào uống dễ như này."", ""Dùng bao lâu mới có hiệu quả vậy mn. Thấy mọi người khen ghê mà chưa cảm nhận rõ :'("", ""Thấy dễ hấp thu hơn so với dạng bột từng uống trước đó."", ""Không có mùi khó chịu mà tiết kiệm thời gian. Lọ mang đi đâu cũng tiện nữa :3"", ""Hàng chuẩn xách tay Mỹ, không lẫn tạp chất."", ""Hệ xương răng chắc hơn rõ. An tâm cho người lớn tuổi trong nhà lắm =]"", ""Sản phẩm giúp bổ sung canxi, magie hiệu quả. Nên thử cho ba mẹ nha ^^"", ""Viên nhiều quá xài lâu hết á =)) Teencode với cả có zin nên cũng ok phết."", ""Uống đều mỗi ngày theo hướng dẫn, cảm giác tóc móng chắc hơn trước."", ""Không biết do trùng hợp không nhưng dễ chịu dã man :)"", ""So với hàng VN thì loại này nhập Mỹ, thành phần rõ ràng hơn mà vị lại dễ uống. Shop đóng gói kỹ càng, chưa từng bể vỡ :)"", ""Giao hàng hơi lâu tí thoai nhưng viên ok, không hôi mùi. Uống vào không đau bụng. Cứ kiên trì chắc xịn =))""]"
https://chiaki.vn/thuoc-bo-xuong-khop-glucosamine-1500mg-900-vien-orihiro-nhat-ban,Thực phẩm chức năng / thuốc,"Viên uống Glucosamine Orihiro 1500mg Nhật Bản - Hỗ trợ xương khớp, giảm đau hiệu quả cho người trưởng thành, 900 viên, hàng chính hãng",299.000 đ,"Viên uống Glucosamine Nhật Bản Orihiro 1500mg chính hãng Viên uống Glucosamine Nhật Orihiro 1500mg Nhật Bản hỗ trợ tốt cho xương khớp. Glucosamine 1500mg của Nhật là sản phẩm được sản xuất bởi hãng nổi tiếng Orihiro. Glucosamine là gì? Glucosamine được biết tới là hợp chất tự nhiên có khả năng nuôi dưỡng cấu trúc mô liên kết, chúng là thành phần cơ bản để cấu tạo nên sụn hoạt dịch và xương. Do đó hợp chất này thực sự quan trọng đối với chức năng của sụn và duy trì một trạng thái khỏe mạnh. Là một trong những hợp chất tham gia vào việc cấu tạo nên những sợi collagen, con người có thể tự tổng hợp được chất glucosamine nhưng khả năng này sẽ giảm dần theo độ tuổi. Do vậy việc bổ sung Glucosamine luôn được đánh giá là việc làm cần thiết cho sức khỏe. Viên uống glucosamine orihiro 900 viên Hiệu quả của Glucosamine Nhật Orihiro 1500mg Hỗ trợ bổ sung Glucosamine cho cơ thể. Hỗ trợ và tăng cường bảo vệ sụn khớp đối người sau 40 tuổi. Hỗ trợ tốt đối với các vấn đề về hệ vận động, tăng cường và cải thiện khả năng hấp thụ canxi cho các mô cơ. Glucosamine Nhật hỗ trợ bổ sung chất dịch nhờn cho khớp. Thành phần trong 10 viên Glucosamine Nhật Bản Năng lượng 9kcaL Canxi 50 mg Magiê 30 mg Protein 0,71 g Carbohydrate 1,5 g Natri 1,4 mg Kẽm 1 mg Vitamin B1 1 mg VitaminB6 2,5 mg Vitamin D 1,25 mcg Vitamin K 20 mcg Acid folic 250 mcg Đối tượng sử dụng Sử dụng được cho người trưởng thành và những người có vấn đề về xương khớp Hữu hiệu cho những người làm việc nặng, thường xuyên vận động tay chân, người bị chấn thương do chơi thể thao,... Viên uống Glucosamine Orihiro 1500mg của Nhật hộp 950 viên Hướng dẫn sử dụng Ngày uống 10 viên, chia làm 2 lần, uống cùng hoặc sau khi ăn. Lưu ý: Nên tham khảo ý kiến của chuyên gia trước khi dùng nếu đang sử dụng các sản phẩm kê đơn khác Không dùng cho trẻ em Đánh dấu vào lịch ngày đầu sử dụng sản phẩm và theo dõi hạn sử dụng của sản phẩm Túi nilon bạn thấy trong sản phẩm Glucosamin Nhật Orihiro sau khi mở nắp giúp thay thế bông giúp chống hút ẩm, tránh va đập, dễ dàng lấy viên uống mà không bị ồ ạt ra ngoài Trong quá trình sử dụng sản phẩm có thể thấy một số điểm đen trên bề mặt của các viên uống, hoặc khi uống thấy vị như cay, đắng, chua, tất cả đều là những điểm rất bình thường. Đó là các thành phần và hương vị của các nguyên liệu có trong sản phẩm, không ảnh hưởng đến chất lượng cũng như hiệu quả của sản phẩm. Người mẫn cảm với hải sản tôm, cua không nên sử dụng Phản ứng phụ: Sản phẩm Glucosamine Orihiro 1500mg rất hiếm gặp phản ứng phụ. Có xuất hiện một số phản ứng phụ chỉ là rối loạn đường tiêu hóa như ợ nóng, khó chịu ở vùng thượng vị. Đối với những người mẫn cảm với đồ hải sản như tôm, cua biển nên hỏi chuyên gia trước khi sử dụng. Bảo quản Bảo quản nơi khô ráo, thoáng mát, tránh để sản phẩm ở nơi có ánh sáng mặt trời trực tiếp chiếu vào, nơi nhiệt độ cao hoặc nơi có độ ẩm quá cao Đóng kín hộp Glucosamine của Nhật - Glucosamine Orihiro ngay sau khi sử dụng, không nên dùng khi sản phẩm đã được mở nắp quá lâu Để xa tầm tay trẻ em. Thông tin sản phẩm THÔNG TIN SẢN PHẨM GLUCOSAMINE ORIHIO 1500MG Tên sản phẩm Viên uống Glucosamine Orihiro 1500mg Hãng sản xuất Orihiro Xuất xứ thương hiệu Nhật Bản Quy cách đóng gói Hộp 900 viên, hộp 950 viên, 360 viên Giá Viên uống Glucosamine Orihiro 1500mg Nhật Bản - Hỗ trợ xương khớp, giảm đau hiệu quả cho người trưởng thành, 900 viên, hàng chính hãng, 900 viên. Giá: 519.000 đ Viên uống Glucosamine Orihiro 1500mg Nhật Bản - Hỗ trợ xương khớp, giảm đau hiệu quả cho người trưởng thành, 900 viên, hàng chính hãng, 950 viên. Giá: 559.000 đ Viên uống Glucosamine Orihiro 1500mg Nhật Bản - Hỗ trợ xương khớp, giảm đau hiệu quả cho người trưởng thành, 900 viên, hàng chính hãng, 360 viên. Giá: 299.000 đ Thực phẩm này không phải là thuốc, không có tác dụng thay thế thuốc chữa bệnh. Hiệu quả sử dụng tùy thuộc cơ địa từng người.","[""Mình mua mác đỏ mà ko thấy nhãn đỏ"", ""Giao hàng nhanh. Đúng sp ( có 1 chai mang từ nhật về)"", ""sản phẩm có tem mác đầy đủ,đóng gói cẩn thận"", ""Gull box, exp 28/10/2027"", ""Mua rất nhiều"", ""Tốt ảnh minh họa"", ""Sản phẩm ok,giao hàng nhanh,đóng gói cẩn thận,đang dùng. Bên Nhật thấy rất nhiều người sử dụng"", ""đóng gói cẩn thận"", ""Mình mua nhiều sản phẩm của Chiaki rồi, thấy chất lượng khá ổn. Trước mua sản phẩm phát triển chiều cao cho bé mình thấy cũng hiệu quả, giờ mua 2 sản phẩm này cho bản thân thấy mới 3 tuần thôi nhưng ko còn bị tê tay khi ngủ dậy nữa. Trước ngủ dậy tê mỏi các khớp ngón tay lắm."", ""Đã mua rất nhiều mặt hàng tại chiaki. Cảm thấy rất hiệu quả với sản phẩm phát triển chiều cao""]"
https://chiaki.vn/xit-phun-suong-lido-caine-38g-chinh-hang,Thực phẩm chức năng / thuốc,"Xịt Phun Sương Lido Caïne 38g - Giảm Đau, Chống Viêm, Hàng Chính Hãng Từ Ấn Độ, An Toàn Cho Sức Khỏe",517.000 đ,"Tên sản Phẩm Lido 10% Xuất xứ India , Dạng chai Xịt Hàng chính hãng của công ty cảm ơn Anh Chị ủng hộ Thực phẩm này không phải là thuốc, không có tác dụng thay thế thuốc chữa bệnh. Hiệu quả sử dụng tùy thuộc cơ địa từng người.","[""Dùng xong thấy đỡ đau hẳn luôn, tiện lắm =)"", ""Giá mềm so các dòng khác."", ""Hiệu quả ổn. Shop hỗ trợ dễ thương :3"", ""Sương mỏng nhẹ, thấm lẹ, da ko bị bết dính nên khỏi lo gì hết. Đóng gói cứng cáp, xài hợp ai hay lăn tăn kiểu dán miếng dán sẽ thích dòng này hơn nhiều T_T"", ""Dùng nhanh gọn, mùi nhẹ, hiệu quả rõ ngay lần đầu dùng, tiện lợi cực :)"", ""Từng dùng loại bôi mất thời gian, từ khi chuyển sang xịt này thấy nhanh hơn thật. Mỗi lần không cần chạm tay trực tiếp nên vệ sinh hơn, mùi nhẹ cũng dễ chịu, tóm lại là ưng kiểu vận chuyển, cầm vừa tay và tiện đem theo mọi nơi XD"", ""Dễ sử dụng, loại này tiện hnay bận cỡ nào cũng dùng ok =))"", ""Tác dụng nhanh nha, xịt xong là cảm thấy vùng da dịu luôn, giao hàng siêu lẹ, sẽ cân nhắc mua thêm =]"", ""Shop gói hàng cẩn trọng cực, nhận hàng xem là muốn dùng liền, ko hề có vết móp méo nào, sản phẩm thì oke so với mô tả."", ""Thấy tác dụng cũng lẹ, phù hợp cho ai bận rộn"", ""So mấy dòng mình từng xài thì loại này dùng thích hơn. Nhẹ, kiểu tiện cầm đi làm, công dụng ổn. Thời gian giao hàng cũng vừa, giá ổn hơn hàng nhập Thái nữa ^^""]"
https://chiaki.vn/hang-nhap-khau-vien-uong-canxi-huu-co-olympian-labs-green-calcium,Thực phẩm chức năng / thuốc,"Viên Uống Canxi Hữu Cơ Olympian Labs Green Calcium 100 Viên - Bổ Sung Canxi, Hỗ Trợ Xương Răng Chắc Khỏe Cho Phụ Nữ Mang Thai và Người Cao Tuổi",490.000 đ,"Viên uống canxi hữu cơ Olympian Labs Green Calcium giúp bổ sung canxi dạng hữu cơ dễ hấp thu, hỗ trợ duy trì xương răng chắc khỏe và giảm nguy cơ thiếu hụt canxi trong các giai đoạn có nhu cầu canxi cao như người cao tuổi, phụ nữ mang thai. *Quy cách đóng gói: Hộp 100 viên Viên uống canxi hữu cơ Olympian Labs Green Calcium Ưu điểm nổi bật Bổ sung canxi hữu cơ, ngừa loãng xương và thiếu canxi. Hỗ trợ giúp xương chắc khỏe. Thành phần Calcium Gluconate Vitamin D3 Vitamin K2 Vitamin C Magnesium Citrate ... Đối tượng sử dụng Phụ nữ mang thai và cho con bú. Người có nguy cơ loãng xương. Lưu ý: Tham khảo ý kiến của chuyên gia nếu đang dùng các viên uống kê đơn hoặc đang gặp vấn đề đặc biệt về sức khỏe. Hướng dẫn sử dụng Uống 2 viên/ngày với thức ăn hoặc theo chỉ dẫn của chuyên gia sức khỏe. Bảo quản Bảo quản nơi khô ráo, thoáng mát, tránh ánh nắng trực tiếp. Để xa tầm tay trẻ em. Đậy kín nắp sau khi sử dụng. Thực phẩm này không phải là thuốc, không có tác dụng thay thế thuốc chữa bệnh. Hiệu quả sử dụng tùy thuộc cơ địa từng người.","[""Mình đã mua sản phẩm này lần thứ hai! Dùng được nửa tháng, ngủ rất tốt. Sản phẩm viên nhỏ, dễ uống! Shop đóng gói cẩn thận! Sẽ luôn ủng hộ shop!"", ""Được tặng thêm túi zip xinh đi kèm nữa XD giao siêu lẹ."", ""Canxi hữu cơ thấy nhẹ bụng. Không bị khó tiêu như canxi carbonate."", ""Sẽ giới thiệu bạn bè dùng thử. Bao bì nhìn khá sang"", ""Mẹ mình mới ngoài 60 sử dụng được 2 tuần. Đỡ đau lưng rõ rệt."", ""Ít bị chuột rút ban đêm hơn T_T vừa đủ xài trong 1 tháng nên quản lý dễ. Lúc giao hàng còn dặn dò kỹ"", ""Uống trực tiếp với nước, không cần kèm nhiều đồ ăn như mấy loại khác."", ""Được tư vấn kỹ càng nên cũng yên tâm sử dụng. Đóng gói ổn định ko xộc xệch gì cả."", ""Hiệu quả rõ khi dùng đều đặn mỗi ngày, xương bớt mỏi"", ""Không bị cặn răng sau khi uống lâu ngày :v hợp gu phụ nữ mang thai nha."", ""Thấy nói bổ sung cả D3 với K2 tích hợp nữa nên không cần uống thêm."", ""Uống trước khi ngủ thấy chân giảm đau nhức :3 không bị mất ngủ như một số loại khác từng dùng"", ""So với loại canxi cũ thì loại này dễ hấp thu hơn nhiều. K bị nóng. Uống tới viên thứ 40 rồi vẫn thấy hiệu quả như ngày đầu =] mẹ mình cũng thấy khỏe hơn chút. Giá cũng oke so vs hiệu quả nên sẽ mua tiếp"", ""Thực sự bầu dùng ổn hơn canxi thường. Không mệt, ngủ được =)"", ""Viên dễ uống, không mùi."", ""Không bị khó tiêu như mấy loại khác :3""]"
https://chiaki.vn/vien-uong-biotal-f-finas-1mg-va-biotin-10mg-ho-tro-ngan-rung-toc-nam,Thực phẩm chức năng / thuốc,"Viên Uống Biotal F Finas 1mg & Biotin 10mg - Hỗ Trợ Ngăn Rụng Tóc Nam, Giúp Tăng Cường Tóc Khỏe Mạnh",525.000 đ,"SHOP CAM KẾT: - Sản phẩm chính hãng 100%. - Hoàn gấp 10 nếu không đúng chất lượng. - Tư vấn, theo dõi suốt quá trình sử dụng sản phẩm. - Khách hàng Chat với Shop để được tư vấn chi tiết hơn ạ. Thực phẩm này không phải là thuốc, không có tác dụng thay thế thuốc chữa bệnh. Hiệu quả sử dụng tùy thuộc cơ địa từng người.","[""Thuốc cũng khó tìm mua trên các sàn khác. Shop đóng gói cẩn thận. Phải dùng ít nhất 3 tới 6 tháng mới thấy rõ hiệu quả và phải duy trì lâu dài"", ""Phương Thảo Pharmacy"", ""Cảm ơn Bạn đã tin tưởng và mua sản phẩm ở Shop. Shop hy vọng được tiếp tục phục vụ Bạn trong những lần tới nữa ạ."", ""Uống kèm ăn uống sinh hoạt điều độ thấy hiệu quả nha."", ""Đóng gói kỹ, ko gây kích ứng, dễ uống bet lun."", ""Chịu khó uống đều là lên tóc mới nha mn. Thấy cũng hiệu quả lắm, review thật lòng. Lúc trước cũng xài loại nước mà uống này đỡ cực vs mồm hơn nhiều."", ""Shop support tận tình. Mua dễ, nhận hàng đúng hẹn, tóc chắc hơn đỡ lo stress việc tóc rụng nữa. :)"", ""Mấy bro mới cắt đầu xong mà sợ rụng tóc thì mua loại này ok phết."", ""Thấy tóc mọc lại đều, tóc chắc, ít gãy hơn trước nhiều luôn."", ""Dùng duy trì 2 hộp là thấy tóc bám đầu hơn. :)"", ""Lúc đầu hơi nghi nhưng dùng tầm 3 tuần thấy giảm tóc rụng hẳn. Giá hợp lý, chất lượng ổn vs mn muốn tóc chắc khoẻ lại."", ""Hỏi shop thì rep rất nhiệt tình, đáng mua. =)"", ""So với mấy loại mình từng thử thì dòng này dễ uống, ko side effect."", ""Tóc đỡ xơ xác rất nhiều.""]"
https://chiaki.vn/vien-nhuan-trang-tao-bon-detox-kenton-diet-kokando-nhat-ban,Thực phẩm chức năng / thuốc,"Viên Nhuận Tràng Detox Kenton Diet Kokando Nhật Bản - Giúp Tiêu Hóa Tốt, Ngừa Táo Bón, Hỗ Trợ Giảm Cân và Tăng Cường Miễn Dịch",57.999 đ,"Đóng gói: dạng viên, 1 vỉ 50 viên Công dụng: Là sự lựa chọn ưu việt cho những người hay gặp vấn đề về bụng. Không chỉ giảm thiểu những triệu chứng đau bụng, khó tiêu mà còn hỗ trợ nhiều cho sức đề kháng. Detox nhuận tràng giúp ngăn ngừa táo bón mà không bị mất nước. Giảm ngay các chứng đầy hơi, chướng bụng, khó chịu sau khi ăn. Nhuận tràng có công dụng hỗ trợ tiêu hóa. Giúp cơ thể bài tiết, đào thải được các chất độc trong cơ thể để hấp thụ dinh dưỡng tốt hơn. Detox trong sản phẩm này còn giảm sự tích tụ của mỡ thừa, độc tố, giúp bụng nhẹ tênh, săn chắc hơn. Công dụng đặc biệt của sản phẩm chính là giảm cân nhưng không có tác dụng phụ hay khiến cơ thể mệt mỏi. Ngoài ra, sản phẩm còn giúp hỗ trợ miễn dịch cơ thể, tăng sức đề kháng. Giúp da đẹp hơn, mịn màng hơn. Hướng dẫn sử dụng: Người sử dụng từ 11 – 15 tuổi: Uống 1 – 2 viên/lần/ngày. Người sử dụng trên 15 tuổi: Uống 2-3 viên/lần/ngày. Uống vào buổi tối trước khi ngủ là tốt nhất. #vienuongnhuantrang, #nhuantrang, #Kokando Thực phẩm này không phải là thuốc, không có tác dụng thay thế thuốc chữa bệnh. Hiệu quả sử dụng tùy thuộc cơ địa từng người.","[""Dùng 10 ngày bụng nhẹ ghê luôn =)"", ""D: Uống được 1 tuần"", ""Không gây mất ngủ."", ""Tác dụng đều đều dễ chịu :)"", ""Mua thử trên web vì nhiều review quá ? Dùng xong thấy ổn. Bụng nhẹ, đi đều, mỡ giảm từ từ ko bị tụt cân nhanh gây mệt mỏi như mấy loại giảm cân khác."", ""Loại này tác dụng nhẹ thôi, ko sốc như mấy thuốc xổ đâu. Ai thường xuyên đau bụng táo thử đi. Chăm chỉ dùng ổn áp lắm"", ""Vỉ thiết kế tiện, xé một lần mang theo rất ổn."", ""Không nặng mùi thuốc, uống oke, không mệt hay mất ngủ T_T Viên tròn nhỏ dễ nuốt phết."", ""Uống sau ăn hay trước khi ngủ cũng đc nhé."", ""Ko thấy tác dụng phụ."", ""Đỡ đầy bụng hẳn luôn XD"", ""Sản phẩm này khá hot, kinh nghiệm dùng rùi. Uống y chang hướng dẫn thì được, cũng ko có vị gì khó chịu cả."", ""Viên nhỏ nên dùng thích cực, mà giá ổn cho hàng Nhật Bản :3"", ""Dùng xong cảm giác da đẹp hơn ấy, mặt đỡ nổi mụn, chắc do cơ thể được detox nữa."", ""Thích cái là ko sợ bị mất nước như thuốc tây =) Khuyên mọi người cân nhắc thử nhé."", ""Giảm táo bón cực kỳ hiệu quả, ko gây mệt, mình uống tối đi ngủ sáng dậy là đi ngoài dễ, bụng nhẹ như bay xD, phân mềm nữa chứ, ko bị mót như thuốc tây hay gây đau bụng.""]"
https://chiaki.vn/codeage-liposomal-magnesium-glycinate-ho-tro-bo-sung-magie,Thực phẩm chức năng / thuốc,"Codeage Liposomal Magnesium Glycinate - Viên uống bổ sung magie cho xương và cơ bắp, hỗ trợ sức khỏe tối ưu, cải thiện hiệu suất tập luyện 240 viên",1.349.000 đ,"Codeage Liposomal Magnesium Glycinate hỗ trợ bổ sung magie Codeage Liposomal Magnesium Glycinate giúp bổ sung hàm lượng magie thiết yếu cho cơ thể, hỗ trợ tăng cường sức khỏe xương và cơ bắp, tăng sự dẻo dai, tăng hiệu suất luyện tập tối ưu. Codeage Liposomal Magnesium Glycinate hỗ trợ bổ sung magie Ưu điểm nổi bật của sản phẩm Hỗ trợ giúp xương chắc khỏe và cơ bắp hoạt động trơn tru. Hỗ trợ chuyển hóa năng lượng, giúp cơ bắp hoạt động hiệu quả hơn và tăng cường sức bền khi tập luyện. Hỗ trợ giúp cơ thể thư giãn, giảm căng thẳng, cải thiện chất lượng giấc ngủ. Hỗ trợ nâng cao khả năng tập trung, ghi nhớ, giúp đầu óc minh mẫn hơn. Sản phẩm chứa Magie chủ yếu dưới dạng Bisglycinate Chelate có khả năng hấp thụ cao. Thành phần chính Magie (dạng Magnesium Bisglycinate Chelate và Magnesium Oxide) Hỗn hợp BioMag™ Liposome: Phức hợp Phospholipid (từ Dầu hướng dương non-GMO & Lecithin) Chiết xuất từ hạt tiêu đen BioPerine® (Piper nigrum) Đối tượng sử dụng Nam và nữ giới trưởng thành từ 18 tuổi trở lên. Lưu ý: Phụ nữ có thai, đang cho con bú, trẻ em dưới 18 tuổi, người đang dùng sản phẩm kê đơn và người đang có vấn đề về sức khỏe nên tham khảo ý kiến của chuyên gia y tế trước khi sử dụng sản phẩm. Hướng dẫn sử dụng Uống 4 viên/ngày. Bảo quản Nơi khô ráo thoáng mát. Tránh ánh nắng trực tiếp, nơi có nhiệt độ cao hoặc ẩm ướt. Tránh xa tầm tay trẻ em. Thông tin sản phẩm Tên sản phẩm Codeage Liposomal Magnesium Glycinate hỗ trợ bổ sung magie Thương hiệu Codeage Xuất xứ thương hiệu Mỹ Quy cách đóng gói Lọ 240 viên Giá 1.349.000vnđ/lọ Thực phẩm này không phải là thuốc, không có tác dụng thay thế thuốc chữa bệnh. Hiệu quả sử dụng tùy thuộc cơ địa từng người.","[""Đã nhận đc hàng . Ktra tem thấy OK. Chắc là hàng chính hãng ?"", ""Đã nhận được hàng. Đóng gói kỹ lưỡng. Có tem đảm bảo của Chiaki và hóa đơn đầy đủ. Date rất xa, 2028."", ""Giao hàng đóng gói cẩn thận. Sản phẩm bắt đầu sử dụng nên chưa có kết quả."", ""Uống đều thấy cơ bắp khỏe hơn hẳn ^^"", ""So với loại cũ trước đây từng thử thì dạng này hấp thu ổn hơn hẳn."", ""Dễ uống, không bị mùi lạ."", ""Giá hơi cao nhưng bù lại uống một lọ cũng lâu hết, đỡ phải mua liên tục :3"", ""Uống vô thấy thư giãn nhẹ đầu, bớt suy nghĩ lan man vào buổi tối ^^ tiện ghê ha"", ""Mình dùng loại này thấy dễ hấp thụ hơn dòng magie của Úc từng mua. Đỡ bị đau cơ, tập thể thao cũng khoẻ hơn xíu. Điểm trừ là uống 4 viên 1 ngày hơi nhiều, cơ mà thấy hiệu quả là oke rồi, sẽ mua tiếp nếu hết."", ""Giao nhanh, gói hàng cẩn thận nên ko sợ bị vỡ."", ""So sánh với viên mag cũ thì cái này dễ chịu bụng hơn, không gây táo."", ""Uống tầm 1 tuần là quen."", ""Nói chung hiệu quả ổn, đáng để thử nếu chưa tìm được loại mag thích hợp."", ""Trải nghiệm được phết."", ""Mấy hôm căng thẳng đầu hơi mụ mẫm uống vào thấy dịu lại."", ""Không kiểu thuốc tây, tác dụng nhẹ nhàng dần dần. Bạn nào hay tập nặng thử cũng ok nha ^^""]"
https://chiaki.vn/gh-creation-thuoc-tang-chieu-cao-nhat-ban,Thực phẩm chức năng / thuốc,"Viên uống GH Creation EX+ tăng chiều cao chính hãng Nhật Bản - Hỗ trợ phát triển chiều cao cho đối tượng từ 4-30 tuổi, lọ 270 viên",559.000 đ,"Viên uống GH Creation EX+ tăng chiều cao của Nhật Bản lọ 270 viên GH Creation EX+ là viên uống hỗ trợ tăng chiều cao của Nhật Bản được sản xuất bởi AFC-HD AMS Life Science Co.,Ltd. Second Factory dành cho cả nam nữ đang trong độ tuổi từ 4 - 30 tuổi. GH Creation EX+ - Viên uống hỗ trợ tăng chiều cao Nhật Bản dưới 30 tuổi (mẫu mới) Ưu điểm nổi bật của viên uống hỗ trợ tăng chiều cao GH Creation EX+ GH-Creation Ex+ mẫu mới được bổ sung các dưỡng chất cần thiết, canxi san hô, collagen type I, kẽm giúp hỗ trợ quá trình tăng trưởng chiều cao. Được sản xuất trên dây chuyền công nghệ hiện đại của Nhật Bản và được làm từ những nguyên liệu tinh khiết, . Thành phần và cơ chế tăng chiều cao tự nhiên, lành tính, không gây phản ứng phụ được chứng nhận tại Nhật Bản. Sản phẩm không mùi, không vị, dễ dàng sử dụng Nhược điểm của GH Creation EX+ Japan Khi sử dụng cần kết hợp với luyện tập thể thao, dinh dưỡng hàng ngày mới phát huy hiệu quả nhanh chóng. Thành phần chính Gồm các Alpha-GPC (glycerophosphocholine). Axit amin thiết yếu ""Arginine"". Bone peptide, Coral Calcium, Collagen type I, Kẽm... Đối tượng phù hợp sử dụng Người trong độ tuổi từ 4 - 30 tuổi muốn phát triển chiều cao tương đối lành tính Video Review viên uống GH Creation EX+ hỗ trợ tăng chiều cao của Nhật Bản Hướng dẫn sử dụng uống GH Creation EX+ đúng cách hiệu quả Liều lượng: Mỗi ngày sử dụng: 3 viên (Uống 1 lần trước khi đi ngủ trong khoảng thời gian 21:00 - 22:00) Trong vòng 3 giờ khi uống không ăn hoặc uống thêm gì khác. Thời gian hấp thụ viên uống tốt là 23:00 đến 2:00 sáng Liệu trình: Mỗi liệu trình kéo dài 3 tháng Sau mỗi liệu trình nghỉ 1 tháng Một năm có 3 liệu trình Sử dụng Gh Creation EX+ kết hợp với 3 chế độ: Chế độ dinh dưỡng cân đối, bổ sung canxi Chế độ sinh hoạt khoa học, ăn ngủ đúng giờ Chế độ tập luyện thể thao đều đặn phù hợp với thể trạng Lưu ý: Túi nilon bạn thấy trong sản phẩm GH-Creation sau khi mở nắp hỗ trợ thay thế bông hút ẩm, tránh va đập, dễ dàng lấy sản phẩm mà không bị ồ ạt ra ngoài Bảo quản: Bảo quản ở những nơi khô thoáng, tránh những vị trí có nguồn nhiệt cao, tránh tiếp xúc trực tiếp với ánh nắng. Không sử dụng tay ướt hoặc dụng cụ ướt để lấy sản phẩm, để xa tầm tay trẻ em và không cần bảo quản trong tủ lạnh. Đậy kín nắp lọ sản phẩm sau khi sử dụng Review viên uống GH Creation Nhật Bản từ người dùng Câu hỏi thường gặp viên uống GH Creation 270 viên của Nhật Sản phẩm GH Creation EX+ có lừa đảo không? Hiện nay xuất hiện không ít thông tin cho rằng GH Creation EX+ lừa đảo khi sau một thời gian sử dụng không cho hiệu quả như mong muốn. Tuy nhiên, các bạn cần lưu ý, đây là sản phẩm bổ sung dưỡng chất hỗ trợ tăng chiều cao. Do đó, hiệu quả sử dụng sản phẩm có thể thay đổi nhanh hay chậm tùy theo cơ địa, khả năng hấp thụ của mỗi người. Để có hiệu quả hỗ trợ tăng chiều cao tối ưu, các bạn nên sử dụng sản phẩm đều đặn trong một thời gian định (liệu trình tối thiểu 3 tháng, 1 năm bổ sung 3 lần) kết hợp với chế độ ăn uống đầy đủ dưỡng chất, tập luyện thể dục thể thao và nghỉ ngơi hợp lý. Qua tuổi dậy thì dùng GH Creation EX+ có giúp cao lên được không? CÓ. Nhưng mức độ tăng chiều cao bao nhiêu thì còn phụ thuộc vào cơ địa từng người, giới tính, độ tuổi và khả năng hấp thụ dinh dưỡng. Để cao hơn được thì cơ thể bạn phải bổ sung đầy đủ dưỡng chất cho cơ thể, đặc biệt là các dưỡng chất hỗ trợ quá trình phát triển chiều cao như canxi, axit amin. Ngoài ra cần kết hợp với chế độ luyện tập thể dục thể thao, nghỉ ngơi hợp lý, tránh thức khuya, căng thẳng, mệt mỏi thì vẫn có thể cao thêm được. Có thể sử dụng GH Creaion EX+ cùng với các thực phẩm chức năng khác được không? Khi sử dụng viên uống tăng chiều cao GH Nhật Bản, có thể kết hợp với các loại thực phẩm chức năng khác. Tuy nhiên, người dùng nên tham khảo ý kiến bác sĩ và chú ý đến thời gian sử dụng. Theo khuyến nghị của nhà sản xuất, trước và sau 3 tiếng khi sử dụng GH-Creation không nên sử dụng các loại thực phẩm chức năng khác. Cách dùng này sẽ giúp giảm thiểu tối đa rủi ro các thành phần có trong các thành phần chức năng khác có thể tương tác với thành phần có trong viên uống GH tăng chiều cao. Nên sử dụng GH-Creation Japan trong bao lâu để đạt hiệu quả tốt hơn? 1 lọ được đóng gói 270 viên, sẽ uống mỗi ngày trong vòng 3 tháng, sau đó ngừng 1 tháng rồi tiếp tục sử dụng. Một năm dùng 3 lọ. GH Creation dùng có hiệu quả không? Gh Creation là giải pháp hỗ trợ tăng chiều cao hiệu quả cho người từ 4 - 30 tuổi. Phụ nữ có thai và cho con bú có uống được không? Thành phần của GH Creation Japan được chiết xuất từ thiên nhiên, hầu như không có phản ứng phụ. Tuy nhiên, để sử dụng cho phụ nữ có thai hoặc đang cho con bú thì cần sự tư vấn của chuyên gia sức khỏe trước khi sử dụng. Giá GH Creation EX+ giá bao nhiêu? Viên uống GH Creation EX+ tăng chiều cao chính hãng Nhật Bản - Hỗ trợ phát triển chiều cao cho đối tượng từ 4-30 tuổi, lọ 270 viên, 270 viên. Giá: 559.000 đ Mua viên uống GH Creation EX+ chính hãng ở đâu? Chiaki.vn cung cấp các sản phẩm hỗ trợ tăng chiều cao cam kết chính hãng, vận chuyển toàn quốc, thu tiền tận nơi. Để mua viên uống tăng chiều cao GH Creation chính hãng bạn có thể đặt hàng online gọi tới số 0962.111.300 để được tư vấn. THÔNG TIN SẢN PHẨM GH CREATION EX+ NHẬT BẢN Tên sản phẩm GH Creation EX+ Nhật Bản Phân nhóm Thực phẩm chức năng Nhà sản xuất AFC Efushi Group Xuất xứ thương hiệu Nhật Bản Quy cách đóng gói Hộp 270 viên Dạng bào chế Viên nén Giá bán Viên uống GH Creation EX+ tăng chiều cao chính hãng Nhật Bản - Hỗ trợ phát triển chiều cao cho đối tượng từ 4-30 tuổi, lọ 270 viên, 270 viên. Giá: 559.000 đ *Lưu ý: Thực phẩm này không phải là thuốc, không có tác dụng thay thế thuốc chữa bệnh. Hiệu quả sử dụng tùy thuộc cơ địa từng người.","[""Đóng gói cẩn thận, gíao hàng nhanh; shipper nhiệt tình, chu đáo."", ""Lần đầu mua của shop. Giá mua bên này rẻ hơn shopee rất nhiều mà tem nhãn đầy đủ yên tâm quét mã qr kiểm tra ok chính hãng ạ sẽ ủng hộ lâu dài."", ""Sản phẩm rất Ok nha. Còn chất lượng thì mình không rõ lắm vì phải dùng tầm ít nhất 3 tháng mới biết cao thêm hay không"", ""Sản phẩm tốt"", ""Giao hàng nhanh"", ""Thuốc có tem nhãn chính hãng"", ""Hàng giao nhanh. Đóng gói cẩn thận. Date còn dài. Có hoá đơn đầy đủ. Hoá đơn in thêm địa chỉ của shop cho khách yên tâm. Cách check hàng như nào shop.?"", ""Mua cho em mình dùng gần tháng r mới review ấy, thấy ko có vấn đề gì, viên uống màu trắng ngà. Shop dễ thương gói hàng kỹ nha."", ""Một ngày chỉ cần uống 1l tiện lắm"", ""lần đầu mua hàng tại shop, ship nhanh, hàng chuẩn hãng""]"
https://chiaki.vn/set-3-chai-xit-moc-toc-minoxidil-bailleul-5-cua-phap,Thực phẩm chức năng / thuốc,Set 3 Chai Xịt Mọc Tóc Minoxidil Bailleul 5% - Giải Pháp Trị Hói Hiệu Quả Từ Pháp Cho Nam Nữ,299.000 đ,"Set 3 Chai Xịt Mọc Tóc Minoxidil Bailleul 5% Của Pháp Chào mừng bạn đến với Set 3 Chai Xịt Mọc Tóc Minoxidil Bailleul 5% - sản phẩm được sản xuất tại Pháp, giúp kích thích mọc tóc hiệu quả và hỗ trợ điều giải quyết hói đầu. Nếu bạn đang tìm kiếm một giải pháp lành tính và hiệu quả để cải thiện tình trạng tóc thưa yếu hay hói, sản phẩm này sẽ là quyết định lý tưởng dành cho bạn. Thông tin sản phẩm chi tiết Loại sản phẩm: Mọc tóc, giải quyết hói Nhà sản xuất: Bailleul Xuất xứ: Pháp Nồng độ Minoxidil: 5% Lợi ích nổi bật Minoxidil là thành phần chủ yếu có trong sản phẩm, được chứng minh là một trong những phương pháp hiệu quả giúp kích thích mọc tóc. Bằng cách cung cấp lưu lượng máu đến các nang tóc, sản phẩm giúp nuôi dưỡng chân tóc, từ đó thúc đẩy quá trình mọc tóc mới. Ưu điểm của sản phẩm Giải pháp lành tính cho cả nam và nữ trong việc điều giải quyết tình trạng tóc rụng. Thiết kế dạng xịt dễ sử dụng, giúp bạn tiết kiệm thời gian và công sức. Hiệu quả lâu dài nếu sử dụng đều đặn. Hướng dẫn sử dụng Rửa sạch tóc và da đầu trước khi sử dụng. Xịt một lượng vừa đủ lên vùng tóc cần cải thiện từ 1-2 lần mỗi ngày. Massage nhẹ nhàng để sản phẩm thẩm thấu vào da. Lưu ý khi sử dụng Không sử dụng sản phẩm cho phụ nữ mang thai hoặc cho con bú. Tránh tiếp xúc với mắt và các vùng da nhạy cảm. Nên tham khảo ý kiến bác sĩ trước khi sử dụng nếu bạn có bất kỳ vấn đề nào về sức khỏe. Khách hàng nói gì về sản phẩm? Nhiều khách hàng đã trải nghiệm sử dụng Set 3 Chai Xịt Mọc Tóc Minoxidil Bailleul 5% và phản hồi tích cực về khả năng kích thích mọc tóc của sản phẩm. Họ cho biết thấy rõ hiệu quả sau khoảng 3 tháng sử dụng, tóc mọc dày và khỏe hơn trước. Đừng để vấn đề tóc rụng gây cản trở cuộc sống và sự tự tin của bạn! Hãy để Set 3 Chai Xịt Mọc Tóc Minoxidil Bailleul 5% trở thành trợ thủ đắc lực giúp bạn lấy lại mái tóc bồng bềnh và quyến rũ! Thực phẩm này không phải là thuốc, không có tác dụng thay thế thuốc chữa bệnh. Hiệu quả sử dụng tùy thuộc cơ địa từng người.","[""Từng dùng nhiều loại xịt kích mọc tóc r nhưng loại này thấy hiệu quả nhanh hơn hẳn."", ""Chắc do hàng Pháp thật sự quality ổn."", ""Thích nhất dạng xịt dễ dùng, sáng vs tối xịt phát thôi là xong, không có mùi hắc như mấy hãng khác mà từng thử."", ""Lúc mới mua cũng hơi sợ kích ứng mà dùng ổn phết, không bị rát."", ""Sẽ xài tiếp xem hiệu quả lâu dài thế nào XD"", ""Mùi này dễ chịu ghê, k bị dính bết tóc XD"", ""Xài tầm 1 tháng tóc con mọc lên nhìn rõ liền"", ""Giao hàng nhanh lắm lun, đóng gói cẩn thận :3"", ""Cảm giác chậm mà chắc, tóc không bị rối như mấy loại serum."", ""Dạng xịt nên tiện"", ""Xịt đều ngày 2 lần là hợp lý."", ""Hiệu quả rõ tầm sau 1 tháng."", ""Thích nhất vì tóc con mọc lên đều ở vùng hói thấp TT."", ""Nhưng phải xài lâu hẵng review đủ nha."", ""Giao hàng về Long An mà vẫn đầy đủ, đóng thùng kỹ khỏi lo chai vỡ."", ""Dùng gần hết 1 chai thấy tóc chắc khoẻ hơn :D. Hàng Pháp nên yên tâm phần nào chất lượng."", ""So sánh thấy ăn đứt mấy loại xịt chống rụng ngoài hiệu thuốc."", ""Mùi ngắn ngày đầu mới xịt, sau là nhẹ tênh luôn, đỉnh phết :P."", ""Hiệu quả rõ sau khi dùng hết 2/3 set, tóc mọc con ở hai bên trán. Đặc biệt phù hợp cho bạn nào stress vì tóc hói lâu năm như mình. Ai kiên trì chắc chắn có kết quả, không khỏi 100% nhưng cải thiện mà :).""]"
https://chiaki.vn/chinh-hang-binh-vi-nam-vqy-354-1goi-100-vien,Thực phẩm chức năng / thuốc,Bình Vị Nam VQY 354 - Hỗ Trợ Tiêu Hóa Cho Trẻ Em Và Người Lớn - Hộp 100 Viên Uống Giúp Cải Thiện Tiêu Hóa,210.000 đ,"Hứ 1gói: 100 viên uống 8-10 ngày 1liệu trình: 3-4 gói / 1 tháng Liều dùng: - Trẻ 6-12 tuổi: ngày uống 3 lần mỗi lần 1/2-1 viên - Người lớn: ngày uống 3 lần, mỗi lần 3 viên, uống thêm cả những lúc đau ( không quá 15viên/ ngày) Uống sau ăn 1giờ với nước ấm Thực phẩm này không phải là thuốc, không có tác dụng thay thế thuốc chữa bệnh. Hiệu quả sử dụng tùy thuộc cơ địa từng người.","[""Uống vô thấy bụng êm hẳn luôn, đỡ đầy hơi lắm XD"", ""Viên nhỏ, dễ uống, uống vô nhẹ bụng hơn trước XD"", ""So giá với loại ngoại rẻ hơn nhiều, hiệu quả vẫn ok, dùng mấy hộp mà chưa thấy side effect gì đặc biệt. Có review sẽ mua dài :3"", ""Viên này ổn hơn loại viên bọc ngoài màu vàng xưa từng thử, không gây mệt mà bụng khoẻ hơn"", ""Phù hợp ai đi làm bận rộn không nấu nướng, uống tiện, không có mùi khó chịu =)"", ""Uống liên tục thấy đỡ trào ngược dạ dày."", ""Kiểu không còn hay đau quặn thượng vị nữa."", ""Hợp ai làm văn phòng hay gặp stress dài ngày.)"", ""Chỉ mất 2 hôm là có hàng. Viên không quá lớn nên uống ok. Đỡ bị nghén buổi sáng. Tư vấn rep lẹ =)"", ""2. Viết nhận xét của bạn vào bên dưới:""]"
https://chiaki.vn/daily-vien-uong-duong-chat-thuc-vat-tu-trang-trai-huu-co,Thực phẩm chức năng / thuốc,"Viên Uống Vitamin Tổng Hợp Daily - 12 Vitamin & 10 Khoáng Chất - Dinh Dưỡng Thực Vật Hữu Cơ Mỹ, Bảo Vệ Sức Khỏe Mắt",298.000 đ,"Viên đa vitamin & khoáng chất 1 ngày 1 viên , chứa 11 vitamin – 7 khoáng chất , kết hợp chiết xuất cỏ linh lăng, cải xoong, ngò tây, rau bina, cà rốt và acerola . Sản phẩm thuộc dòng Daily của một thương hiệu dinh dưỡng lâu đời đến từ Mỹ. Định lượng: 45 viên nén/ 1 lọ. Khối lượng viên trung bình: 1,05g ± 5% Dưỡng chất thực vật : Bột đông khô Acerola (Malpighia glabra) (65 mg), Bột chiết xuất tiếp cốt thảo (Sambucus nigra (elderberry)) (10 mg), Bột đông khô cà rốt tím (Daucus carota) (4 mg). Bổ sung 12 vitamin và 10 khoáng chất thiết yếu hỗ trợ tăng cường sức khỏe, tăng cường sức đề kháng. Hỗ trợ tốt cho mắt. Đối tượng sử dụng: Người trưởng thành. Hướng dẫn sử dụng: Uống 1 viên mỗi ngày, nên dùng ngay sau bữa ăn. Hướng dẫn bảo quản: Bảo quản nơi khô ráo, thoáng mát. Tránh ánh sáng trực tiếp. Chú ý: Không sử dụng cho người có mẫn cảm, kiêng kỵ với bất kỳ thành phần nào của sản phẩm. Phụ nữ có thai, cho con bú hoặc người đang được chăm sóc y tế nên tham vấn ý kiến của chuyên gia dinh dưỡng hoặc bác sĩ trước khi dùng. Để xa tầm tay của trẻ nhỏ. Đọc kỹ hướng dẫn sử dụng trước khi dùng Xuất xứ: Hoa Kỳ. Giấy tiếp nhận đăng ký bản công bố sản phẩm số: 3372/2023/ĐKSP. Ngày: 06/04/2023. Xuất xứ: Hoa Kỳ. Giấy xác nhận nội dung quảng cáo số:1262/2023/XNQC-ATTP. Ngày: 03/07/2023. Thực phẩm này không phải là thuốc, không có tác dụng thay thế thuốc chữa bệnh. Hiệu quả sử dụng tùy thuộc cơ địa từng người.","[""Ok tuyệt vời"", ""Tiện vì 1 ngày 1 viên thôi khỏi phải nhớ nhiều như hàng khác ^^"", ""Lọ thiết kế nhìn xinh xinh gọn nữa. Uống cảm giác không bị khó chịu bụng như vài loại khác. Dùng gần tháng mà sức khỏe có vẻ ổn hơn nhiều."", ""Khá hợp với ai bận rộn."", ""Viên nhỏ dễ uống cực XD dùng được hơn tuần vẫn thấy ok"", ""Thấy uống vào ổn áp phết, kiểu đỡ mệt hơn sáng dậy tỉnh hơn =)"", ""Nhận được hàng nhanh mà đóng gói chắc chắn lắm =)"", ""Này giá cũng ok, ai yêu sản phẩm organic như mình chắc sẽ thích,"", ""Ai chán uống vitamin tổng hợp kiểu cũ, thử loại này thực vật hữu cơ đi, mới thử tháng đầu mà đã thấy đều năng lượng hơn, không ngán =)) cho thêm"", ""Trải nghiệm ổn, viên không khó uống, hiệu quả chưa rõ phải chờ thêm, nhưng mới mua thử lần đầu thấy cũng ổn áp =]"", ""Viên không quá to, uống một cái là xong, không cần chia nhỏ như mấy viên tổng hợp trước đây, gói cũng đẹp, dùng mỗi ngày nên tiện cực, đã mua tặng thêm cho bạn bè""]"
https://chiaki.vn/dau-ca-tu-nhien-fish-oil-healthy-care-omega-3-1000mg,Thực phẩm chức năng / thuốc,"Dầu cá Omega 3 Healthy Care Fish Oil 1000mg của Úc - Hỗ trợ sức khỏe tim mạch, mắt sáng, trí nhớ tốt - Viên uống bổ sung tự nhiên",385.000 đ,"Dầu cá tự nhiên Omega 3 Healthy Care Fish Oil 1000mg Fish Oil Omega 3 Healthy Care là viên uống chứa dầu cá Omega 3 tự nhiên đến từ thương hiệu Healthy Care nổi tiếng tại Úc. Sản phẩm được chiết xuất tinh khiết bổ sung 1000mg dầu cá vào khẩu phần ăn mỗi ngày. Ngoài ra còn hỗ trợ tốt cho sức khỏe tim mạch, tăng cường trí nhớ, hỗ trợ đôi mắt sáng khỏe, duy trì sắc đẹp. Sản phẩm dầu cá Omega 3 của Úc sản xuất dưới dạng viên, không chứa thành phần độc hại, thích hợp sử dụng cho người lớn và trẻ em từ 6 tuổi trở lên. Dầu cá tự nhiên Fish Oil Omega 3 Healthy Care 400 viên 1000mg (mẫu cũ) Dầu cá tự nhiên Fish Oil Omega 3 Healthy Care 400 viên 1000mg (mẫu mới) Giới thiệu về sản phẩm Omega 3 Healthy Care Viên uống dầu cá Healthy Care Fish Oil 1000mg Omega-3 được điều chế từ nguồn nguyên liệu sạch, không nhiễm hóa chất, bên cạnh đó, quy trình sản xuất hiện đại, không chứa chất độc hại, thủy ngân ảnh hưởng đến sức khỏe. Sản phẩm được kiểm chứng nghiêm ngặt tại Úc và hiện tại đã được sử dụng rộng rãi trên thị trường quốc tế. Fish Oil Healthy Care Omega 3 1000mg 200 viên Dầu cá Úc Omega 3 Healthy Care có tốt không? Hỗ trợ tốt cho sức khỏe tim mạch Hỗ trợ nâng cao thị lực, tốt cho người cao tuổi bị suy giảm thị lực. Hỗ trợ tốt cho não bộ, gia tăng trí nhớ Hỗ trợ tốt với người gặp các vấn đề về xương khớp, hỗ trợ giảm sự xuất hiện của các dấu hiệu tuổi tác trên da. Viên uống dầu cá Omega 3 Healthy Care được sản xuất với những nguyên liệu tốt, dựa trên tiêu chuẩn chất lượng nghiêm ngặt của Úc, Mỹ và Châu Âu. Lưu ý: Các sản phẩm Healthy Care mẫu mới được hãng bổ sung thêm 10 viên Thành phần của dầu cá Healthy Care Fish Oil 1000mg Omega 3 Trong mỗi viên dầu cá Omega 3 Healthy Care sẽ có chứa một số thành phần chính sau: Dầu cá tự nhiên: 1000mg. Omega-3 Marine Triglycerides: 300g (axit Eicosapentaenoic: 180mg, axit Docosahexaenoic: 120mg). Đối tượng sử dụng Fish Oil 1000mg Omega 3 Healthy Care Phù hợp cho người trên 6 tuổi. Người gặp vấn đề về mắt. Người có vấn đề tim mạch, huyết áp. Hướng dẫn sử dụng Omega 3 Healthy Care Người lớn cần bổ sung Omega 3: Uống mỗi lần một viên, 3 lần/ ngày Trẻ em từ 6 tuổi đến 12 tuổi: Uống 1 đến 2 viên mỗi ngày. Trẻ em dưới 6 tuổi: Dùng theo chỉ định của chuyên gia chăm sóc sức khỏe Đối với người có vấn đề về khớp: Uống tối đa 4 viên/ ngày, chia ra 3 lần, hoặc theo chỉ định của chuyên gia chăm sóc sức khỏe Lưu ý: Nên uống cùng hoặc ngay sau bữa ăn. Không uống khi bụng đói, sẽ làm giảm công năng của Omega 3. Uống đúng liều lượng và không được sử dụng quá liều. Cách bảo quản: Bảo quản nơi khô thoáng, tránh ánh nắng trực tiếp. Review dầu cá Omega-3 Fish Oil 1000mg Úc Đã có rất nhiều khách hàng sử dụng và để lại những đánh giá về sản phẩm, bạn đọc có thể tham khảo ngay sau đây. Đánh giá của khách hàng về sản phẩm Hỏi đáp về dầu cá Fish Oil Omega 3 Healthy Care 1. Có nên dùng Healthy Fish Oil Omega 3 hàng ngày? Axit béo Omega 3 là một phần của toàn bộ các màng trong cơ thể bao gồm cả da. Đối với da, nó giúp giữ ẩm và khỏe mạnh. Hiệu quả tác động vào quá trình sản xuất các sợi collagen và elastin của da đã được chứng minh. Các axit béo Omega 3 là những axit thiết yếu, nghĩa là cơ thể không tự sản xuất ra những chất này mà chỉ có thể hấp thụ thông qua chế độ ăn uống. Đa số mọi người không ăn đủ thực phẩm giàu omega 3 nên cần uống bổ sung Omega hằng ngày. 2. Nên uống Healthy Care Omega 3 lúc nào là tốt? Dầu cá là dạng vitamin và chúng được hấp thụ tốt khi được đặt trong môi trường có dung môi phù hợp. Vì vậy để đạt hiệu quả cao bạn nên sử dụng dầu cá sau bữa ăn, lượng chất béo trong cơ thể chính là dung môi hấp thụ các chất mà dầu cá mang lại. 3. Dầu cá Omega 3 Úc Healthy Care Fish Oil 1000mg giá bao nhiêu? Hiện tại Chiaki đang cung cấp viên uống dầu cá Omega 3 Healthy Care với mức giá Dầu cá Omega 3 Healthy Care Fish Oil 1000mg của Úc - Hỗ trợ sức khỏe tim mạch, mắt sáng, trí nhớ tốt - Viên uống bổ sung tự nhiên, 400 viên. Giá: 525.000 đ Dầu cá Omega 3 Healthy Care Fish Oil 1000mg của Úc - Hỗ trợ sức khỏe tim mạch, mắt sáng, trí nhớ tốt - Viên uống bổ sung tự nhiên, 200 viên. Giá: 385.000 đ Mua dầu cá Fish Oil Healthy Care Omega 3 1000mg chính hãng ở đâu? Chiaki.vn cam kết cung cấp các sản phẩm thực phẩm chức năng chính hãng , uy tín, chất lượng và nhiều sản phẩm dầu cá Omega 3 khác chính hãng. Khách hàng có thể đặt mua bằng cách: Đặt mua Online bằng nút ""Mua hàng"" trên trang chi tiết sản phẩm. THÔNG TIN CHI TIẾT SẢN PHẨM Tên sản phẩm Dầu cá Fish Oil Omega 3 Healthy Care 1000mg Thương hiệu Healthy Care Xuất xứ thương hiệu Úc Quy cách đóng gói 410 viên/400 viên/200 viên Giá bán Dầu cá Omega 3 Healthy Care Fish Oil 1000mg của Úc - Hỗ trợ sức khỏe tim mạch, mắt sáng, trí nhớ tốt - Viên uống bổ sung tự nhiên, 400 viên. Giá: 525.000 đ Dầu cá Omega 3 Healthy Care Fish Oil 1000mg của Úc - Hỗ trợ sức khỏe tim mạch, mắt sáng, trí nhớ tốt - Viên uống bổ sung tự nhiên, 200 viên. Giá: 385.000 đ Thực phẩm này không phải là thuốc, không có tác dụng thay thế thuốc chữa bệnh. Hiệu quả sử dụng tùy thuộc cơ địa từng người.","[""I checked the QR code and it is genuine. I trust chiaki and buy it."", ""tốt giao hàng nhanh"", ""Shop tư vấn nhiệt tình, Giao đúng hàng đã đặt, cơ mà ship hơi lâu"", ""Giao hàng nhanh. Hàng đúng miêu tả. Date xa"", ""Cảm ơn Quý khách đã dùng và trải nghiệm sản phẩm, chúc Quý khách một ngày vui vẻ ạ."", ""check code đúng giao hàng nhạ"", ""Ok sản phẩm dùng tốt, sẽ tiếp tục ủng hộ shop"", ""Chai to quá. Lắc kêu ko bị dính. Chưa trải nghiệm chưa quánh giá được""]"
https://chiaki.vn/dau-ca-omega-3-orihiro-nhat-ban-180-vien,Thực phẩm chức năng / thuốc,"Dầu Cá Omega 3 Orihiro Nhật Bản 180 Viên - Hỗ Trợ Tim Mạch, Trí Não và Thị Lực, Hàm Lượng Omega 3 Cao 300mg Trong 1 Liều Dùng",305.000 đ,"Dầu cá Omega 3 Orihiro của Nhật Bản hỗ trợ phát triển trí não, thị lực, tim mạch Dầu cá Omega 3 orihiro là sản phẩm nổi tiếng của Nhật Bản được chiết xuất từ nguồn cá Mòi sống tại các vùng biển sâu và sạch. Dầu cá Omega 3, EPA & DHA không chứa thủy ngân, kim loại độc hại, hỗ trợ bổ sung omega 3 cao mang đến khả năng hỗ trợ tốt cho mắt, tim mạch, não bộ và làm đẹp da. Dầu cá Omega 3 Orihiro Nhật Bản 180 viên Dinh dưỡng có trong 4 viên dầu cá Omega 3 của Nhật Năng lượng: 13 kcal Protein: 0.46g Lipid: 1.22g Carbohydrate : 0.11 Sodium: 0.6mg EPA: 186mg DHA: 124 mg Viên dầu cá Omega 3 Orihiro Nhật Bản có tốt không? Hỗ trợ bổ sung hàm lượng Omega 3 cao 300mg/1 lần uống Thực phẩm chức năng dầu cá Omega 3 của Nhật Bản Orihiro hỗ trợ tốt với sức khỏe tim mạch Hỗ trợ hoạt động của não bộ, hỗ trợ tăng cường trí nhớ, tư duy và độ tập trung Hỗ trợ phát triển thị giác, hỗ trợ giảm mỏi mắt khi sử dụng máy vi tính, xem tivi, đọc sách báo Thích hợp sử dụng cho người mỡ máu huyết áp cao Hỗ trợ làm đẹp da, tóc >>Xem thêm Nước nhỏ mắt Rohto Vita 40 Nhật Bản Viên uống Lutein 20mg Puritan's Pride Của Mỹ Cách sử dụng dầu cá Omega-3 Orihiro Dành cho người lớn Uống 4 viên dầu cá mỗi ngày, uống sau ăn. Đối với người hay bị ợ hơi nên chia nhỏ để uống Hướng dẫn bảo quản: Đậy kín nắp sau khi sử dụng Bảo quản tránh ánh sáng trực tiếp từ mặt trời, nơi có nhiệt độ và có độ ẩm cao. Để xa tầm tay trẻ em Một số câu hỏi thường gặp khi sử dụng Omega 3 Orihiro của Nhật 1. Có thể dùng Viên Dầu Cá Omega 3, EPA & DHA Orihiro kết hợp với viên uống khác được không? Để duy trì sức khỏe thì tốt bạn nên hỏi ý kiến của chuyên gia trước khi dùng để tránh tương tác và phản ứng phụ. 2. Sản phẩm chất lượng không, có phản ứng phụ gì không? Viên dầu cá Omega 3 Orihiro đã được xử lý loại bỏ kim loại và các chất độc hại, duy trì độ tinh khiết, không gây ảnh hưởng xấu đến sức khỏe và không gây phản ứng phụ. 3. Viên dầu cá Omega 3, EPA & DHA Orihiro Nhật Bản có khó uống không? Viên dầu cá Omega 3, EPA & DHA Orihiro Nhật Bản được thiết kế dạng viên nang mềm, dễ uống hấp thu nhanh, không mang tới cảm giác khó chịu cho người sử dụng 4. Sản phẩm nên bảo quản như thế nào là đúng cách ? Sản phẩm Dầu cá Omega 3 orihiro được đóng gói trong chai thủy tinh tối màu cùng nắp nhôm vặn kín, điều này nhằm bảo quản sản phẩm khỏi tác động từ ánh sáng bên ngoài làm ảnh hưởng đến chất lượng viên uống. Sản phẩm có sử dụng hộp giấy bên ngoài để bảo vệ và bao bì được dán trên sản phẩm để hỗ trợ người dùng nắm bắt sản phẩm thuận lợi. Do đó bạn chỉ cần bảo quản sản phẩm ở những nơi khô thoáng, tránh những nơi có nguồn nhiệt cao, ánh sáng mặt trời chiếu trực tiếp. Ngoài ra không sử dụng tay ướt hoặc dụng cụ ướt để lấy sản phẩm. Sản phẩm nên để xa tầm với của trẻ em và không cần bảo quản ở trong tủ lạnh. 5. Sử dụng sản phẩm vào thời điểm nào là thích hợp? Sản phẩm Dầu cá Omega 3 orihiro được hướng dẫn nên sử dụng cùng nước lọc sau bữa ăn chính trong ngày khoảng 30 phút. Trong quá trình sử dụng bạn nên uống nhiều nước, ăn nhiều trái cây tươi để mang đến điều kiện thuận lợi cho cơ thể hấp thụ dưỡng chất nhanh chóng. Cách đặt mua dầu cá Omega 3 Orihiro Nhật Bản Chiaki.vn cam kết cung cấp các sản phẩm omega 3 và nhiều sản phẩm hỗ trợ bổ mắt chính hãng, giao hàng toàn quốc. Cách mua dầu cá Omega 3 Orihiro bạn có thể đặt hàng online hoặc qua gọi số 0962.111.300 để được tư vấn. Thông tin dầu cá Omega 3 Nhật Bản Orihiro Hãng sản xuất: Orihiro Xuất xứ thương hiệu: Nhật Bản Hàm lượng omega 3 trong 4 viên: 300mg Quy cách đóng gói: 180 viên Giá viên uống dầu cá Omega 3 Orihiro Nhật Bản 180 viên: 305.000 đ/lọ Thực phẩm này không phải là thuốc, không có tác dụng thay thế thuốc chữa bệnh. Hiệu quả sử dụng tùy thuộc cơ địa từng người.","[""Hàng tốt , giá tốt , date xa ."", ""Giao hàng nhanh , shiper thân thiện ."", ""Giao hàng nhanh. Sản phẩm đúng như hình."", ""Tôi hài lòng"", ""dễ uống, lọ 180 dùng được hơn tháng"", ""mới nhận ạ, hàng chuẩn date mới. giá tốt hợp lý , ship cg nhanh nữa"", ""2. Viết nhận xét của bạn vào bên dưới:"", ""Nội dung không được vượt quá 800 kí tự!"", ""3. Thông tin cá nhân của bạn"", ""(Thông tin của bạn luôn được bảo mật)""]"
https://chiaki.vn/but-tiem-giam-can-mounjaro-chinh-hang-nhat-ban-ho-tro-kiem-soat-can-nang-lieu-2-5mg-5mg,Thực phẩm chức năng / thuốc,"Bút tiêm giảm cân Mounjaro Chính Hãng Nhật Bản - Hỗ trợ kiểm soát cân nặng liều 2.5mg,5mg...",1.848.000 đ,"(Hàng Nhật Nội Địa) Bút tiêm giảm cân Mounjaro GLP-1 Tirzepatide Xuất Xứ : Nhật Bản 1 hộp 2 bút x 0,5ml 1 lần sử dụng 1 bút cách nhau 1 tuần Cam kết hàng chính hãng 100% Ship hỏa tốc Hà Nội và Hồ Chí Minh Nhắn Shop Để Được Tư Vấn Bút tiêm giảm cân Mounjaro GLP-1 Tirzepatide là một sản phẩm thực phẩm chức năng nổi bật, nhập khẩu trực tiếp từ Nhật Bản, giúp hỗ trợ quản lý cân nặng hiệu quả. Sản phẩm này cung cấp các liều lượng khác nhau gồm: 2.5mg/0.5ml, 5mg/0.5ml, 7.5mg/0.5ml, và 10mg/0.5ml... đáp ứng nhu cầu đa dạng cho người tiêu dùng. Bút tiêm giảm cân Mounjaro GLP-1 Tirzepatide Giới thiệu sản phẩm Bút tiêm giảm cân Mounjaro GLP-1 Tirzepatide được nghiên cứu và phát triển với công thức tiên tiến có Ưu điểm hỗ trợ người sử dụng giảm cảm giác thèm ăn và điều chỉnh lượng đường trong máu. Đây là sản phẩm lý tưởng cho những ai đang tìm kiếm một giải pháp hiệu quả trong việc kiểm soát cân nặng. Lợi ích nổi bật Tăng cường cảm giác no: Giúp người sử dụng giảm cảm giác thèm ăn, từ đó hỗ trợ quá trình giảm cân hiệu quả hơn. Hỗ trợ ổn định đường huyết: Sản phẩm giúp điều chỉnh mức đường huyết, lý tưởng cho những người có nguy cơ mắc vấn đề sức khỏe tiểu đường. Thực phẩm chức năng chất lượng: Sản phẩm đã được kiểm chứng và chứng nhận lành tính cho sức khỏe lành mạnh của người dùng. Hình ảnh bút tiêm giảm cân Mounjaro Đối tượng sử dụng Bút tiêm giảm cân Mounjaro GLP-1 Tirzepatide đặc biệt thích hợp cho: Những người đang gặp khó khăn trong việc kiểm soát cân nặng. Các đối tượng muốn duy trì cân nặng ổn định sau khi đã giảm cân. Người có nguy cơ cao về vấn đề sức khỏe tiểu đường và cần quản lý đường huyết. Liều lượng và cách sử dụng Trước khi sử dụng, vui lòng tham khảo ý kiến bác sĩ để xác định liều lượng phù hợp với thể trạng của bạn. Sử dụng bút tiêm theo hướng dẫn đi kèm trong sản phẩm. Mounjaro GLP-1 Tirzepatide Những điều cần lưu ý Trong quá trình sử dụng, người dùng nên kết hợp chế độ ăn uống lành mạnh và tập luyện thể dục thể thao để đạt hiệu quả tối ưu. Đồng thời, theo dõi các biểu hiện của cơ thể, nếu thấy bất kỳ dấu hiệu bất thường nào, hãy ngừng sử dụng và tham khảo ý kiến bác sĩ nhanh chóng. Bút tiêm Mounjaro Nhận xét từ khách hàng Nhiều người tiêu dùng đã chia sẻ những trải nghiệm tích cực khi sử dụng Bút tiêm giảm cân Mounjaro GLP-1 Tirzepatide, họ đánh giá cao sự tiện lợi và hiệu quả mà sản phẩm mang lại. Đặc biệt, sản phẩm không chỉ giúp giảm cân mà còn cải thiện được sức khỏe tổng thể. Khách hàng hài lòng với sản phẩm Mounjaro Kết luận Bút tiêm giảm cân Mounjaro GLP-1 Tirzepatide là một trong những sản phẩm hỗ trợ giảm cân hiệu quả hiện nay, phù hợp giúp người dùng đạt được mục tiêu về sức khỏe một cách tối ưu. Hãy thử ngay hôm nay để trải nghiệm sự khác biệt mà sản phẩm mang lại cho bạn! Mounjaro - hỗ trợ giảm cân lành tính Hiệu quả sử dụng tùy thuộc cơ địa từng người. Thực phẩm này không phải là thuốc, không có tác dụng thay thế thuốc chữa bệnh. Hiệu quả sử dụng tùy thuộc cơ địa từng người.","[""2. Viết nhận xét của bạn vào bên dưới:"", ""Nội dung không được vượt quá 800 kí tự!"", ""3. Thông tin cá nhân của bạn"", ""(Thông tin của bạn luôn được bảo mật)"", ""Thêm hình sản phẩm nếu có (tối đa 5 hình, dung lượng hình tối đa 5MB):"", ""3. Thông tin của tổ chức"", ""(Thông tin luôn được bảo mật)"", ""Số quyết định thành lập"", ""Thêm hình sản phẩm nếu có (dung lượng hình tối đa 5MB, tối đa 5 ảnh)"", ""Quá số lượng ảnh Upload!"", ""Quá dung lượng ảnh Upload!""]"
https://chiaki.vn/vien-bo-sung-magnesium-glycinate-240mg-nature-s-bounty-180-vien-449478,Thực phẩm chức năng / thuốc,"Viên bổ sung Magnesium Glycinate 240mg Nature's Bounty - Hỗ trợ sức khỏe và giấc ngủ, giảm lo âu, 180 viên",747.000 đ,"Viên bổ sung Magnesium Glycinate 240mg Nature's Bounty 180 viên Viên bổ sung Magnesium Glycinate 240mg Nature's Bounty là một sản phẩm tuyệt vời hỗ trợ sức khỏe cho cơ thể. Với hàm lượng 240mg magnesium glycinate mỗi viên, sản phẩm này giúp cung cấp cho bạn lượng magnesium cần thiết hàng ngày, góp phần giữ cho cơ bắp và hệ thần kinh luôn trong trạng thái tốt. Các lợi ích chính của Magnesium Glycinate Cung cấp vitamin và khoáng chất thiết yếu giúp hỗ trợ sức khỏe tổng quát. Giảm căng thẳng và lo âu, giúp cải thiện tâm trạng và tinh thần. Thúc đẩy sự thư giãn cơ bắp, giảm tình trạng chuột rút và nhức mỏi. Cải thiện chất lượng giấc ngủ, giúp bạn dễ dàng hơn trong việc đi vào giấc ngủ. Tăng cường chức năng của hệ thống miễn dịch. Viên bổ sung Magnesium Glycinate 240mg Nature's Bounty phù hợp với mọi đối tượng từ thanh thiếu niên đến người lớn tuổi. Với công thức tối ưu, sản phẩm này dễ dàng được cơ thể hấp thụ, mang lại hiệu quả nhanh chóng và đáng đáng tin. Hướng dẫn sử dụng Để đạt được hiệu quả tối ưu, hãy sử dụng 2 viên mỗi ngày cùng với bữa ăn. Bạn có thể uống kèm với nước để sản phẩm được hấp thụ tốt hơn và tránh tình trạng gây khó chịu cho dạ dày. Giới thiệu về Nature's Bounty Nature's Bounty là hãng sản xuất nổi tiếng với nhiều năm kinh nghiệm trong lĩnh vực cung cấp các sản phẩm bổ sung dinh dưỡng. Với các sản phẩm được nghiên cứu kỹ lưỡng, hãng cam kết mang đến cho người tiêu dùng những sản phẩm chất lượng và lành tính. Bằng việc sử dụng công nghệ hiện đại và nguyên liệu tự nhiên, Nature's Bounty không ngừng nâng cao chất lượng sản phẩm nhằm phục vụ tốt cho sức khỏe của người tiêu dùng. Kết luận Viên bổ sung Magnesium Glycinate 240mg Nature's Bounty là quyết định phù hợp để bổ sung thêm magnesium cho cơ thể của bạn. Hãy sử dụng sản phẩm này mỗi ngày để duy trì sức khỏe tối ưu và tận hưởng cuộc sống đầy năng lượng! Thực phẩm này không phải là thuốc, không có tác dụng thay thế thuốc chữa bệnh. Hiệu quả sử dụng tùy thuộc cơ địa từng người.","[""Ngủ ngon hơn thật luôn, k bị mỏi người ^^"", ""Đọc review thấy nhiều người uống ổn, giờ mua dùng thử cũng thấy hợp. Tác dụng từ từ"", ""Hộp 180 viên nên xài lâu, tiết kiệm hơn mua loại chai nhỏ ngoài tiệm."", ""Khá tiện cho ai uống đều, cảm giác khỏe eo =)"", ""Review thực tế là tác dụng y như quảng cáo, đặc biệt fan của vitamin tổng hợp chắc sẽ thích kiểu này hơn vì hấp thu tốt hơn mag thường =]"", ""Sau 1 tháng, chất lượng ngủ cải thiện rõ rệt, cơ thể dễ chịu, ko bị mệt mỏi buổi sáng, đáng để thử"", ""Đang mang bầu nên chọn loại này, uống xong ngủ được hơn, bớt trằn trọc đêm, ko bức bối =)"", ""Ship ổn, đóng gói chặt, viên dạng tròn nhỏ dễ uống, có tem mác đầy đủ, dùng tiếp time tới =)"", ""Uống đều tránh lo âu, tối dễ ngủ, hiệu quả rõ nhất là giảm đau vai gáy, loại này phù hợp dân vp ngồi nhiều"", ""Uống 2 viên/ngày theo hướng dẫn, thấy ko bị khó chịu bụng, ngủ dậy khỏe khoắn"", ""2. Viết nhận xét của bạn vào bên dưới:""]"
https://chiaki.vn/vitamin-d3-2000iu-kirkland-vitamin-mat-troi-600-vien,Thực phẩm chức năng / thuốc,"Vitamin D3 2000IU Kirkland - Viên uống bổ sung vitamin mặt trời, hỗ trợ xương và miễn dịch, đóng gói 600 viên",399.000 đ,"Vitamin D3 2000IU Kirkland - vitamin mặt trời, 600 viên Vitamin D3 (hay Cholecalciferol) là một dạng của vitamin D được tổng hợp ở da dưới tác động của ánh sáng mặt trời, có trong một số sản phẩm như cá thu, cá hồi, cá trích, ngũ cốc, sữa,… Vitamin D3 đóng vai trò hỗ trợ duy trì nồng độ canxi trong máu, tham gia vào việc điều hòa một số chức năng trong cơ thể (một số gen, hệ miễn dịch, sinh lý nữ,…). Việc bổ sung vitamin D3 đầy đủ cho cơ thể có thể hỗ trợ giảm tình trạng suy nhược cơ thể. Đặc biệt, vitamin D3 còn có hỗ trợ cơ thể hấp thu canxi (yếu tố ảnh hưởng đến việc phát triển chiều cao của con người). Đây cũng chính là lý do tại sao bổ sung vitamin D3 đầy đủ cho cơ thể được đánh giá là một trong những cách hỗ trợ tăng chiều cao tối ưu. Đặc điểm của Vitamin D3 2000IU Kirkland - Hỗ trợ bổ sung Vitamin D3 cho cơ thể, nâng cao sức khỏe - Hỗ trợ cơ thể hấp thụ canxi tốt hơn, từ đó hỗ trợ tốt cho hệ xương và cơ. - Hỗ trợ cải thiện tình trạng suy nhược cơ thể. - Vitamin D3 2000IU Kirkland là sản phẩm được nhiều chuyên gia sức khỏe Thành phần Vitamin D3 2000IU Kirkland - Calcium Carbonate, Cellulose Gel, Maltodextrin, Croscarmellose Sodium, Stearic Acid, Magnesium Stearate, Tinh bột bắp, Vitamin D3. - Sản phẩm không chứa: màu sắc hay mùi vị nhân tạo, chất bảo quản, men, tinh bột hoặc Gluten. Cách sử dụng Vitamin D3 2000IU Kirkland - Liều dùng: Dùng 1 viên sau bữa ăn. Thực phẩm này không phải là thuốc, không có tác dụng thay thế thuốc chữa bệnh. Hiệu quả sử dụng tùy thuộc cơ địa từng người.","[""hàng điêu lúc chưa mua thì gọi đến xác định đơn hàng bảo : hàng có hóa đơn xuất xứ rõ ràng để cung cấp cho khách minh bạch , mà khi nhận hàng thì chẳng nhận đc giấy tờ xác minh gì ngoài lọ thuốc. Chếch mã cũng không chếch đc , muốn trả lại hàng mà không tìm ra chỗ để trả . App hợp tác vói người bán lừa khách hàng sao mà gây khó khăn như vây . Ko như shop hay titok ko thích trả lại ngay đc . Cái bọn này đểu thật đùng ai mua nữa kẻo mác lừa đó"", ""Đã nhận hàng. Date 2028."", ""tại sao lại gửi cho tôi hộp đã bị bóc như vậy. Tôi ko nghĩ dc lí do nào có thể nhầm lẫn cỡ này dc"", ""Đóng cẩn thận"", ""Sản phẩm này dùng ổn, mỗi ngày 1 viên tiện không lo quên, mấy tháng khoẻ cả người =) Tem, hạn sử dụng rõ, check mã là yên tâm"", ""Giá hợp lý cho hộp to dã man, tính ra uống dc tận cả năm =)), ai muốn tăng sức đề kháng nên thử"", ""Không thấy có vị lạ khi uống, viên nhỏ, uống buổi sáng xong là lên đồ đi học khỏe luôn T_T"", ""Trước hay mua loại D3 khác mà thử loại này thấy ổn hơn nhé, đỡ mỏi tay chân, cảm giác khỏe ^^"", ""Giao hàng nhanh lắm, về tay nguyên seal còn mới :) Cảm giác dùng cũng có tác dụng nhẹ nhàng, không đau bụng như mấy loại trước từng uống."", ""2. Viết nhận xét của bạn vào bên dưới:""]"
https://chiaki.vn/dau-ca-omega-3-costar-uc-1000mg-365-vien-phong-ngua-tim-mach-tang-cuong-thi-luc,Thực phẩm chức năng / thuốc,"Dầu cá Omega 3 Costar Úc 1000mg - Hỗ trợ sức khỏe tim mạch, thị lực và trí não - 365 viên nang mềm dễ uống",639.000 đ,"Dầu cá Omega 3 Costar Úc 1000mg 365 viên của Úc Dầu cá Omega 3 Costar Úc 1000mg 365 viên được chiết xuất từ các loại cá vùng biển sâu và lạnh có chứa nhiều axit béo không no, EPA, DHA hỗ trợ tốt cho các vấn đề về sức khỏe của mắt, trí não... Dầu cá Omega 3 Costar Úc 1000mg 365 viên Ưu điểm nổi bật của dầu cá Omega 3 của Úc Costar 1000mg 365 viên - Hỗ trợ làm đẹp da, giúp cải thiện tình trạng da khô, bong tróc - Hỗ trợ tốt cho sức khỏe tổng thể - Hỗ trợ cải thiện các vấn đề về mắt, hỗ trợ tăng cường thị lực, bảo vệ mắt tốt hơn - Hỗ trơ tăng cường trí nhớ, hỗ trợ giảm căng thẳng - Dầu cá Omega 3 Costar hỗ trợ tốt cho sức khỏe tim mạch - Thiết kế dạng viên nang mềm nhỏ, dễ uống >>Xem thêm Nước nhỏ mắt Rohto Vita 40 Nhật Bản Viên uống Lutein 20mg Puritan's Pride Của Mỹ Thành phần trong dầu cá Omega 3 Costar Úc 1000mg 365 viên Dầu cá tự nhiên 1000mg Và một số thành phần khác Hướng dẫn sử dụng dầu cá Omega 3 Costar Uống 1 viên mỗi ngày sau bữa ăn Lưu ý khi sử dụng: Không dùng cho người mẫn cảm với bất kỳ thành phần nào của sản phẩm. Không tự ý tăng giảm liều lượng khi chưa có sự cho phép của chuyên gia y tế. Người có vấn đề về sức khỏe, người đang sử dụng các sản phẩm kê đơn khác, phụ nữ có thai, đang cho con bú vui lòng tham khảo ý kiến chuyên gia sức khỏe trước khi sử dụng. Bảo quản sản phẩm ở nơi khô ráo, thoáng mát, tránh xa ánh nắng mặt trời Thông tin dầu cá Omega 3 Costar Úc 1000mg 365 viên Hãng sản xuất : Star Combo Australia Ply Ltd Xuất xứ thương hiệu : Úc Bảo quản: Để nơi thoáng mát, nhiệt độ dưới 30 độ C, tránh ánh nắng trực tiếp Giá của viên uống Omega 3 Costar Úc 1000mg: 639.000đ/ hộp Thực phẩm này không phải là thuốc, không có tác dụng thay thế thuốc chữa bệnh. Hiệu quả sử dụng tùy thuộc cơ địa từng người.","[""Tiếp tục uống chờ xem kết quả ."", ""Trước giờ mình dùng blackmore, giờ chuyển qua loại này không biết thế nào, nhưng cho shop năm sao vì gói hàng rất kĩ ạ"", ""Sản phẩm giao đúng mới mô tả, hộp bự với 365 viên dùng được 1 năm. Rất đáng tiền"", ""Tôi đã nhân được hàng rồi..đong goi rất kỹ. Cảm ơn Bạn..hy vọng sẽ còn gặp lại Bạn.!"", ""Dầu cá Omega 3 Costar Uc---có xuất hóa đơn VAT ?"", ""2. Viết nhận xét của bạn vào bên dưới:"", ""Nội dung không được vượt quá 800 kí tự!"", ""3. Thông tin cá nhân của bạn"", ""(Thông tin của bạn luôn được bảo mật)""]"
https://chiaki.vn/tinh-chat-hau-oyster-plus-goodhealth-new-zealand,Thực phẩm chức năng / thuốc,"Tinh Chất Hàu Oyster Plus Goodhealth 60 Viên - Hỗ Trợ Sinh Lý Nam Giới, Chiết Xuất Từ Hàu Tự Nhiên, Sản Phẩm Chất Lượng New Zealand",189.000 đ,"Tinh chất hàu Oyster plus Goodhealth của New Zealand Tinh chất hàu Oyster plus New Zealand của Goodhealth là sản phẩm được chiết xuất từ tinh chất hàu tự nhiên, được xử lý để loại bỏ kim loại nặng đồng thời giữ nguyên vẹn những dưỡng chất quý giá có trong tinh hàu biển mang đến nhiều hiệu quả hỗ trợ tích cực cho sức khỏe nam giới. Lưu ý: Tinh chất hàu Oyster plus của Goodhealth là mẫu dành cho thị trường New Zealand. Thành phần chính từ thịt hàu, bổ sung kẽm giúp hỗ trợ sinh lực nam giới Tinh chất hàu oyster plus goodhealth 60 viên (New Zealand) Tinh chất hàu Oyster Plus có tốt không? Trong hàu biển có chứa rất nhiều vitamin và khoáng chất cần thiết cho hoạt độngnam giới, đặc biệt là hàm lượng kẽm (Zn). Ngoài ra, trong hàu biển còn chứa hàm lượng protein, glucid, chất béo, canxi, magie, mangan, phốt pho, sắt, các vitamin B, vitamin D đóng vai trò thúc đẩy quá trình trao đổi chất trong cơ thể. Từ đó, tinh hàu biển được đánh giá có khả năng tích cực trong: Hỗ trợ tăng cường sức khỏe phòng the cho nam giới, giúp nam giới lấy lại phong phong độ, sự deo dai trong đời sống sinh hoạt vợ chồng. Hỗ trợ tốt cho tim mạch. Hỗ trợ tốt cho hoạt động của cơ bắp và não bộ. Hỗ trợ bổ sung kẽm cho nam giới. Tích hợp sử dụng cho nam giới đang có dự định sinh con. Bảng thành phần chiết xuất tự nhiên, lành tính, không chứa bất cứ thành phần hóa chất độc hại nào Tinh chất hàu Oyster plus được nghiên cứu và phát triển bởi Goodhealth, thương hiệu thực phẩm chức năng nổi tiếng của Zealand chuyên cung cấp các sản phẩm chăm sóc sức khỏe chất lượng, hiệu quả, được tin dùng tại nhiều quốc gia trên thế giới, trong đó có Việt Nam. Tinh chất hàu Oyster Plus loại 30 viên Xem thêm Viên uống Rocket + cho nam giới hộp 45 viên Sâm Alipas Platinum Cho Nam Giới Chính Hãng Của Mỹ Thành phần có trong tinh chất hàu Úc Bột chiết xuất từ Hàu Biển 350mg. Oxit kẽm (~ 7mg Kẽm) 8.8mg. Đối tượng sử dụng tinh chất hàu Oyster Plus Zinc Nam giới từ 18 tuổi trở nên đang gặp các vấn đề về sinh lý. Nam giới đang có ý định sinh con. Nam giới muốn tăng cường sức khỏe, củng cố sinh lực phái mạnh. Hướng dẫn cách sử dụng Oyster Plus Zinc Liều dùng: Uống 1-2 viên/ngày hoặc theo hướng dẫn của chuyên gia. Lưu ý khi sử dụng: Sử dụng sản phẩm đúng liều lượng hướng dẫn, không tự ý tăng liều dùng khi chưa có chỉ dẫn của chuyên gia. Trẻ em dưới 18 tuổi không sử dụng sản phẩm. Nam giới đang sử dụng các sản phẩm bổ sung hay kê đơn khác cần tham khảo tư vấn của chuyên gia y tế trước khi sử dụng tinh chất hàu goodhealth Không nên dùng chung tinh chất hàu Goodhealth với các chất kích thích, đồ uống có cồn. Đối với các thực phẩm có thành phần làm giảm hiệu quả của sản phẩm như sắt (sắt có khả năng làm giảm sự hấp thu kẽm của cơ thể) nên sử dụng cách xa thời gian uống tinh chất hàu. Bổ sung thực phẩm giàu vitamin A như cà rốt, cà chua, giấc,...; vitamin B6 như thịt gà, cá ngừ, hạt hướng dương,...; vitamin C như cam, chanh, ổi, dâu,...; phốt pho như hạnh nhân, bánh mỳ, gan gà,.. để cơ thể hấp thụ sản phẩm tốt hơn. Xây dựng chế độ ăn uống khoa học, sinh hoạt điều độ, hạn chế thức khuya, mệt mỏi. Đậy kín nắp sản phẩm sau khi sử dụng, bảo quản nơi khô thoáng, tránh tiếp xúc trực tiếp với ánh nắng mặt trời, để xa tầm tay trẻ em. Video Review tinh chất hàu Oyster Plus Goodhealth của Úc Một vài câu hỏi khi sử dụng tinh chất hàu Oyster plus Goodhealth 60 viên Trẻ em sử dụng tinh chất hàu biển Oyster plus được không? Tinh chất hàu biển Oyster plus là sản phẩm thực phẩm chức năng hỗ trợ sức khỏe nam giới trong độ tuổi trưởng thành, từ 18 tuổi trở lên. Trường hợp trẻ em dưới 18 tuổi không sử dụng sản phẩm để tránh những tác động không mong muốn có thể xảy ra. Uống tinh chất hàu Oyster plus của Goodhealth có lành tính không? Oyster plus Goodhealth sản phẩm chiết xuất từ hàu tươi nguyên chất, được tuyển chọn kỹ càng từ những con hàu biển tươi và sạch sống tại các vùng biển của New Zealand Sản phẩm không chứa phụ gia, không chất bảo quản, nên không tác động xấu tới cơ thể khi sử dụng. Nếu quên uống Oyster plus Goodhealth thì có nên uống bù vào một ngày không? Không nên uống bù tinh chất hàu Oyster plus Goodhealth, nếu có quên thì vẫn duy trì sử dụng liều lượng phù hợp vào ngày hôm sau. Tránh uống bù, uống dồn một ngày, tránh sử dụng quá liều, cần phải ăn no mới sử dụng sản phẩm. Sản phẩm cần uống với nước và không được nhai sản phẩm. Nên uống tinh chất hàu Oyster plus trong bao lâu? Tinh chất hàu Oyster plus không phải là sản phẩm mang tính chất tạm hơn mà cần phải sử dụng theo liệu trình phù hợp để đạt được hiệu quả ổn định và lâu dài. Nam giới nên sử dụng tinh chất hàu Oyster plus với liều dùng 1-2 viên/ngày, sau khi ăn khoảng 30 phút, liên tục trong khoảng 2- 3 tháng để có hiệu quả tối ưu. Không nên sử dụng ngắt quãng, ảnh hưởng đến hiệu quả sử dụng sản phẩm. Tinh chất hàu Oyster plus của Goodhealth chiết xuất từ tinh chất hàu tự nhiên Tinh chất hàu Oyster plus Goodhealth giá bao nhiêu? Hiện nay, tinh chất hàu Oyster plus đang được bán với giá Tinh Chất Hàu Oyster Plus Goodhealth 60 Viên - Hỗ Trợ Sinh Lý Nam Giới, Chiết Xuất Từ Hàu Tự Nhiên, Sản Phẩm Chất Lượng New Zealand, 30 viên. Giá: 189.000 đ Tinh Chất Hàu Oyster Plus Goodhealth 60 Viên - Hỗ Trợ Sinh Lý Nam Giới, Chiết Xuất Từ Hàu Tự Nhiên, Sản Phẩm Chất Lượng New Zealand, 60 viên. Giá: 360.000 đ Mua tinh chất hàu Oyster plus ở đâu? Bạn có thể đặt mua online tinh chất hàu Oyster plus Goodhealth tại Chiaki.vn. Chiaki Việt Nam cam kết hàng chính hãng, giá cả cạnh tranh cùng nhiều ưu đãi hấp dẫn dành cho khách hàng. Vận chuyển toàn quốc, giao hàng thanh toán tận nơi. Thông tin sản phẩm tinh chất hàu Oyster plus Goodhealth Tên sản phẩm Tinh chất hàu Oyster plus Goodhealth Phân nhóm Thực phẩm chức năng Nhà sản xuất Goodhealth Xuất xứ thương hiệu New Zealand Quy cách đóng gói Hộp 30 viên và 60 viên Dạng bào chế Viên nén Giá bán Tinh Chất Hàu Oyster Plus Goodhealth 60 Viên - Hỗ Trợ Sinh Lý Nam Giới, Chiết Xuất Từ Hàu Tự Nhiên, Sản Phẩm Chất Lượng New Zealand, 30 viên. Giá: 189.000 đ Tinh Chất Hàu Oyster Plus Goodhealth 60 Viên - Hỗ Trợ Sinh Lý Nam Giới, Chiết Xuất Từ Hàu Tự Nhiên, Sản Phẩm Chất Lượng New Zealand, 60 viên. Giá: 360.000 đ Thực phẩm này không phải là thuốc, không có tác dụng thay thế thuốc chữa bệnh. Hiệu quả sử dụng tùy thuộc cơ địa từng người.","[""SP rõ nguồn gốc xuất xứ"", ""nhờ có viên uống mà gia đình mình nhanh có con hơn"", ""nhờ có em nó mà mình thấy cuộc sống vợ chồng mình hạnh phúc và gần gũi hơn hẳn"", ""mình mua để ông xã mình uống và thật sự mới dùng được hơn tháng mà mình thấy có hiệu quả lắm"", ""Sao hàu này rẻ hơn long châu nhiều . hàng"", ""chính hãng không shop . mình hay mua trên chiaki hy vọng chiaki bán hàng chính hãng tốt"", ""Yêu cầu che tên sp nhưng shop không quan tâm"", ""2. Viết nhận xét của bạn vào bên dưới:"", ""Nội dung không được vượt quá 800 kí tự!"", ""3. Thông tin cá nhân của bạn""]"
https://chiaki.vn/vien-uong-bo-sung-canxi-bio-island-milk-calcium-bone-care,Thực phẩm chức năng / thuốc,"Viên uống bổ sung Canxi Bio Island Milk Calcium Bone Care 150 viên - Hỗ trợ sức khỏe xương và răng chắc khỏe với vitamin D3, K2.",629.000 đ,"Viên uống bổ sung Canxi Bio Island Milk Calcium Bone Care Viên uống bổ sung Canxi Bio Island Milk Calcium Bone Care là sản phẩm bổ sung Canxi, vitamin D3 và K2 thúc đẩy quá trình phát triển của xương và răng chắc khỏe. Ngoài ra, Milk Calcium Bone Care còn giúp duy trì sức khỏe của xương, phòng chống loãng xương, xốp xương cho người cao tuổi. Viên uống bổ sung Canxi Bio Island Milk Calcium Bone Care mẫu mới Viên uống bổ sung Canxi Bio Island Milk Calcium Bone Care mẫu cũ Viên uống Canxi Bio Island Milk Calcium Bone Care có tốt không? Với công thức chứa canxi hydroxyapatite có nguồn gốc từ sữa bò, sản phẩm giúp bổ sung canxi cần thiết cho cơ thể, duy trì hàm răng khỏe mạnh và hỗ trợ sức khỏe của xương khớp trong suốt các giai đoạn khác nhau của cuộc đời. Sản phẩm Bio Island Milk Calcium Bone Care có thành phần chứa vitamin D3, Vitamin K2 giúp hỗ trợ hấp thu canxi và duy trì mật độ xương và hỗ trợ sức khỏe của xương chắc khỏe. Hỗ trợ phát triển chiều cao cho trẻ vị thành niên, thanh thiếu niên đang trong giai đoạn dậy thì Viên nang dạng gel mềm, dễ sử dụng, có thể nhai hoặc nuốt cả viên. Sản phẩm được điều chế từ sữa bò do đó rất lành tính, thơm ngon và dễ uống. Viên uống Canxi sữa bio island 150 viên tốt cho xương khớp Thành phần Bio Island Milk Calcium Bone Care Thành phần Khối lượng Hydroxyapatit Tương đương canxi 550mg 160mg Colecalciferol (vitamin D3) 6,25 microgam Menaquinone 7 (vitamin K2) 17,6 microgam Thành phần viên uống Bio Island Milk Calcium Bone Care Đối tượng sử dụng Milk Calcium Bone Care Bio Island Trẻ em trên 12 tuổi, người lớn, người già Hướng dẫn sử dụng Canxi Bio Island Milk Calcium Bone Care Liều dùng Đối với người từ 12 đến 18 tuổi: mỗi ngày nên uống 2 đến 3 viên. Đối với người từ 19 đến 50 tuổi: ngày nên uống 2 viên. Đối với người trên 50 tuổi: mỗi ngày nên uống 2 đến 3 viên. Phụ nữ mang thai và cho con bú: uống 2-3 viên mỗi ngày hoặc theo chỉ dẫn của chuyên gia chăm sóc sức khỏe của bạn. Cách uống Uống trước bữa ăn, có thể nhai hoặc nuốt trực tiếp. Lưu ý khi sử dụng Uống theo liều lượng khuyến cáo của nhà sản xuất hoặc theo hướng dẫn của bác sĩ. Bảo quản Nơi khô ráo tránh ánh nắng trực tiếp. Bio Island Milk Calcium Bone Care của Úc có tốt không? Chiết xuất hoàn toàn từ tự nhiên, thân thiện với cơ thể, tăng khả năng hấp thu. Sản phẩm dạng viên nang có thể nhai hoặc nuốt trực tiếp đều được, mùi vị sữa bò rất dễ chịu. Trước khi ra mắt thị trường, Bio Island Milk Calcium Bone Care đã trải qua quá trình kiểm tra nghiêm ngặt của Úc, đã được kiểm chứng và cho phép lưu thông tại thị trường Úc cũng như thị trường quốc tế. Milk Canxi Bone Care Bioisland có chiết xuất canxi từ sữa bò Một số câu hỏi thường gặp khi sử dụng Milk Calcium Bone Care? Phụ nữ có thai sử dụng Milk Calcium Bone Care được không? Câu trả lời: Có sử dụng được nhưng cần tham khảo ý kiến bác sĩ trước khi dùng. Theo hướng dẫn từ phía nhà sản xuất, Milk Calcium Bone Care là sản phẩm dành cho trẻ em trên 12 tuổi, người lớn và người già. Tuy nhiên, đối với phụ nữ có thai hoặc đang cho con bú vẫn nên tham khảo ý kiến chuyên gia trước khi sử dụng để có sử dụng, liều lượng sử dụng phù hợp nhé. Milk Calcium Bone Care có phản ứng phụ không? Câu trả lời: Không gây phản ứng phụ. Milk Calcium Bone Care là sản phẩm được điều chế từ sữa bò nguyên chất, nguyên liệu tự nhiên đồng thời tuân thủ đầy đủ các tiêu chuẩn nghiêm ngặt của Úc về chất lượng, hiệu quả cũng như khả năng bảo vệ đối với sức khỏe người sử dụng nên không gây phản ứng phụ. Uống Milk Calcium Bone Care khi nào? Trước hay sau ăn? Theo các chuyên gia dinh dưỡng, nên uống Milk Calcium Bone Care vào buổi sáng (khoảng từ 7h- 8h) thì sẽ dễ dàng hấp thu vào cơ thể. Không nên uống Milk Calcium Bone Care vào buổi chiều hoặc tối, đặc biệt là sau 9 giờ tối. Milk Calcium Bone Care Bio Island có thể dùng cùng với vitamin/thực phẩm bổ sung khác được không? Câu trả lời: Nên tham khảo ý kiến của bác sĩ trước khi sử dụng chung với các vitamin và thực phẩm bổ sung khác Việc theo dõi thường xuyên chế độ ăn uống của bạn là rất quan trọng để giúp bạn áp dụng một chế độ ăn uống cân bằng lành mạnh, mặc dù đôi khi khoảng cách về dinh dưỡng có thể phát triển và có thể xem xét bổ sung (mặc dù không nên thay thế chế độ ăn uống cân bằng). Các sản phẩm của Bio Island là các loại thực phẩm bổ sung có thể được dùng trong thời gian dài dựa trên mức sử dụng hàng ngày được khuyến nghị ghi trên vỏ hộp hoặc theo chỉ dẫn của chuyên gia chăm sóc sức khỏe để hỗ trợ những những người ăn uống thiếu chất dinh dưỡng trong chế độ ăn uống. Các chất bổ sung có thể chứa các vitamin, khoáng chất và chất dinh dưỡng khác. Vì vậy khách hàng cần đọc kỹ hướng dẫn sử dụng trước khi dùng. Đối với phụ nữ mang thai, đặc biệt là trong 3 tháng đầu nên hỏi ý kiến tư vấn của bác sĩ khi sử dụng chung với các sản phẩm bổ sung vitamin khác. Milk Calcium Bone Care có phù hợp với người không dung nạp lac.tose hoặc dị ứng sữa không? Câu trả lời: Không phù hợp Nhiều người thấy khó hiểu các thuật ngữ không dung nạp lac.tose hoặc dị ứng sữa. Mặc dù chúng có thể có các biểu hiện tương tự nhưng chúng là những tình trạng hoàn toàn khác nhau. Không dung nạp Llac.tose là một vấn đề về tiêu hóa, trong khi dị ứng sữa liên quan đến hệ thống miễn dịch. Không dung nạp lac.tose xảy ra ở cả người lớn và trẻ em không thể tiêu hóa hoàn toàn lac.tose, một loại đường có tự nhiên trong sữa bò. Lý do là vì sự thiếu hụt lactase, một loại enzyme tự nhiên được tạo ra bởi đường ruột của bạn để tiêu hóa đường sữa. Dị ứng sữa là một loại dị ứng thực phẩm gây ra phản ứng nghiêm trọng với một số loại thực phẩm do hệ thống miễn dịch của bạn kích hoạt. Bio Island Milk Calcium Bone Care 150 Viên chứa canxi có nguồn gốc từ sữa bò nên những người bị dị ứng sữa bò hoặc không dung nạp lac.tose không nên sử dụng. Có thể nhai viên nang không? Câu trả lời: Có. Bio Island Milk Canxi Bone Care có thể nhai hoặc nuốt cả viên. Viên nang có hương thơm, mùi vị dễ chịu. Canxi Milk Calcium Bio Island có chứa gelatine không? Câu trả lời: Có . Các sản phẩm của Bio Island sử dụng viên nang mềm làm từ gelatine của bò. Thành phần này được coi là lành tính khi sử dụng qua đường uống và có thể dễ tiêu hóa. Sản phẩm này có phù hợp với người ăn chay không? Câu trả lời: Không. Sản phẩm Bioisland Milk Calcium Bone Care không phù hợp cho người ăn chay do sản phẩm có chiết xuất từ động vật. Canxi Bio Island Milk Calcium có chứa đường không? Sản phẩm không chứa đường. Sản phẩm Bio Island Milk Canxi Bone Care chứa sữa bò có chứa lac.tose tự nhiên, một loại đường tự nhiên có trong sữa. Mua Viên uống bổ sung Canxi Bio Island Milk Calcium Bone Care ở đâu? Chiaki chuyên cung cấp các sản phẩm hỗ trợ bảo vệ sức khỏe và làm đẹp da. Trong đó có thực phẩm chức năng Viên uống bổ sung Canxi Bio Island Milk Calcium Bone Care. Sản phẩm bổ sung canxi hiệu quả. Viên uống bổ sung canxi rất lành tính và phù hợp cho sức khỏe và thể trạng người sử dụng. Hiện nay, Chiaki cung cấp thêm nhiều mặt hàng thực phẩm hỗ trợ sức khỏe và mỹ phẩm làm đẹp khác. Nếu có nhu cầu khách hàng có thể tham khảo cách đặt hàng dưới đây do Chiaki cung cấp: Đặt mua Online bằng nút ""Mua hàng"" trên trang chi tiết sản phẩm Thông tin viên uống bổ sung Canxi Bio Island Milk Calcium Bone Care THÔNG TIN CHI TIẾT SẢN PHẨM Tên sản phẩm Viên uống bổ sung Canxi Bio Island Milk Calcium Bone Care Hãng sản xuất Bio Island Xuất xứ thương hiệu Úc Quy cách đóng gói 150 viên/hộp Giá bán 629.000 Xem thêm: Viên uống Bio island zinc bổ sung kẽm cho trẻ Thực phẩm này không phải là thuốc, không có tác dụng thay thế thuốc chữa bệnh. Hiệu quả sử dụng tùy thuộc cơ địa từng người.","[""Mình đã mua nhiều lần trên Chiakia, dùng có tác dụng, hàng chính hãng, đóng gói cẩn thận. Mọi người nên mua ở đây vì uy tín"", ""Giao hàng nhanh, đóng gói có hóa đơn kèm theo. Lần đầu đặt Chiaki, hàng uy tín chất lượng sẽ ủng hộ lâu dài"", ""Giao hàng nhanh chóng, chất lượng thì phải dùng thử xem thế nào"", ""Viên uống hỗ trợ tốt cho mẹ bỉm nhé"", ""hộp t2 rồi uong tốt có tdung . mà dễ uống lăm ây"", ""mới nhận được ak, hàng chuẩn giao nhanh hạn dài"", ""Tôi thấy cùng sản phẩm viên uống calci sữa 150v cùng hãng nhưng giá hơn 600k và hơn 300k, khác nhau nhiều quá. Làm ơn tư vấn cho tôi! Cảm ơn shop"", ""Sản phẩm uy tín và chất lượng,giá lại rẻ hơn ở các nơi khác."", ""Cảm ơn Quý khách đã dùng và trải nghiệm sản phẩm, chúc Quý khách một ngày vui vẻ ạ."", ""Đã mua lần thứ 2 rất ok em bé khoẻ mạnh đủ chất"", ""cảm ơn bạn, mong rằng sẽ được phục vụ bạn trong thời gian gần nhất ạ. chúc bạn một ngày vui vẻ ạ."", ""Đã mua thấy khá ok, bầu 3 tháng bắt đầu m uống""]"
https://chiaki.vn/vien-uong-bo-sung-magie-webber-naturals-magnesium-bisglycinate-200mg-60-vien,Thực phẩm chức năng / thuốc,"Viên Uống Bổ Sung Magie Webber Naturals Magnesium Bisglycinate 200mg - Hỗ Trợ Sức Khỏe Thần Kinh Và Cơ Bắp, 60 Viên",350.000 đ,"Viên uống bổ sung magie Webber Naturals Magnesium Bisglycinate 200mg, 60 viên Viên uống bổ sung magie Webber Naturals Magnesium Bisglycinate là sản phẩm hỗ trợ sức khỏe tuyệt vời đến từ Mỹ, cung cấp tới 200mg magnesium trong mỗi viên. Sản phẩm không chỉ giúp điều hòa hoạt động của hệ thống thần kinh mà còn góp phần quan trọng trong việc duy trì sự khỏe mạnh cho cơ bắp và xương. Với 60 viên mỗi hộp, đây thực sự là một quyết định thông minh cho sức khỏe hàng ngày của bạn. lợi ích của viên uống bổ sung magie Webber Naturals Bổ sung magie cần thiết cho cơ thể, hỗ trợ chức năng thần kinh và cơ bắp. Cải thiện chất lượng giấc ngủ, giúp bạn thư giãn và dễ đi vào giấc ngủ hơn. Hỗ trợ quá trình chuyển hóa năng lượng, giúp cơ thể duy trì sức lực và sự bền bỉ trong hoạt động hàng ngày. Có Ưu điểm giúp cải thiện tâm trạng, tăng cường cảm giác thoải mái và dễ chịu. Thành phần chính Mỗi viên uống chứa: Magnesium Bisglycinate 200mg Các thành phần hỗ trợ: chất tạo màng, chất chống đông, chất bảo quản tự nhiên. Đối tượng sử dụng Sản phẩm thích hợp cho: Người thường xuyên bị stress, căng thẳng hay mệt mỏi. Các vận động viên hoặc người tập thể dục cần bổ sung magie để duy trì sức khỏe. Những người gặp khó khăn trong việc ngủ hoặc mất ngủ thường xuyên. Các bậc phụ huynh muốn tăng cường sức khỏe cho trẻ nhỏ. Cách sử dụng Để sản phẩm hoạt động hiệu quả cao, bạn nên sử dụng 1 viên mỗi ngày, có thể uống cùng với bữa ăn hoặc theo chỉ dẫn của chuyên gia dinh dưỡng. được khuyến cáo uống đủ nước trong suốt quá trình sử dụng. Thông tin sản phẩm Nhà sản xuất: Webber Naturals Xuất xứ: Mỹ Số lượng: 60 viên Viên uống bổ sung magie Webber Naturals Magnesium Bisglycinate là giải pháp hiệu quả cho những ai mong muốn cải thiện sức khỏe thần kinh và thể chất. Hãy trải nghiệm sản phẩm để cảm nhận sự khác biệt! Thực phẩm này không phải là thuốc, không có tác dụng thay thế thuốc chữa bệnh. Hiệu quả sử dụng tùy thuộc cơ địa từng người.","[""Sản phẩm dùng oke, chất lượng ổn nha :3"", ""Uống xong relax, ngủ thẳng giấc ko còn xoay trở nữa"", ""Trải nghiệm mượt lắm, không có tác dụng phụ lạ gì cả =]"", ""So với supplement kiểu thủy phân khác thì dòng này chill hơn, đỡ bị đau bụng, nhức người khi thay thời tiết."", ""Giá tạm ổn, uống đều kết hợp ăn ngủ khoa học là best combo luôn ấy ^^."", ""Công nhận gói hàng siêu kĩ, mở ra ko bị bung hay vấy vữa j cả :))"", ""Review sau 1 tháng xài, thấy cơ thể khỏe hơn, giảm stress rõ. Uống ban đầu hơi quên, giờ hình thành thói quen luôn."", ""Lúc đầu lăn tăn giá xíu mà thấy cũng đáng tiền :3"", ""Giao nhanh, gọi xác nhận luôn, shop làm việc nhiệt tình ^^"", ""Mua cho mẹ mình dùng, được khen là dễ uống, bớt đau mỏi lưng. Mẹ hay mất ngủ, giờ đỡ hơn rồi."", ""Thấy mẹ khoái chai này còn nhắc uống đều đặn nữa."", ""Đóng gói cẩn thận, tem mác đầy đủ =]."", ""Tập gym thì phải có em này, đỡ chuột rút hẳn ^^"", ""Magie này dung nạp tốt hơn dòng phổ thông, ngủ ngon với tỉnh táo. Test tuần đầu đã thấy tích cực rồi, ko nhức xương mỗi khi chuyển mùa :3."", ""Ai hay bị chuột rút có thể thử loại này, ko nặng mùi, giá cũng vừa tầm.""]"
https://chiaki.vn/collagen-elasten-dang-nuoc-chinh-hang-duc,Thực phẩm chức năng / thuốc,"Collagen Elasten Dạng Nước Chính Hãng Đức - Hỗ Trợ Trẻ Hóa, Tái Tạo Da, 28 Ống, Giúp Làn Da Căng Bóng, Tươi Trẻ",1.890.000 đ,"Collagen Elasten dạng nước của Đức - Hỗ trợ trẻ hoá, tái cấu trúc da Collagen Elasten là dòng sản phẩm Collagen dạng nước cao cấp , hỗ trợ làm đẹp da, tái tạo da và trẻ hoá làn da, giúp phục hồi cấu trúc da từ bên trong, duy trì làn da mịn màng, căng bóng và tươi trẻ, dùng được cho nam giới và nữ giới từ 25 tuổi trở lên. Nước uống Elasten Collagen được thương hiệu Elasten của Đức phát triển với công thức công thức [HC] Collagen Complex®, giúp phân hủy collagen thành các phân tử collagen peptide cực nhỏ, dễ dàng hấp thụ vào cơ thể, cho hiệu quả nhanh chóng hơn. Collagen có trong sản phẩm là gốc bò tương thích đến 90% cấu trúc collagen tự nhiên của con người, hỗ trợ bổ sung lượng collagen bị thiếu hụt, nuôi dưỡng da hiệu quả. Nước uống Collagen Elasten của Đức hỗ trợ đẹp da ngừa lão hóa (mẫu mới) Nước uống Collagen Elasten của Đức hỗ trợ đẹp da ngừa lão hóa (mẫu cũ) Vai trò của Collagen đối với làn da Collagen là một loại Protein giữ vai trò quan trọng trong việc quyết định độ đàn hồi của làn da. Đối với các chị em phụ nữ khi bước vào tuổi 25 trở đi, mỗi năm cơ thể sẽ sản sinh ra ít collagen hơn cụ thể bạn sẽ mất đi khoảng 1,5% kéo theo đó là các dấu hiệu tuổi tác như nếp nhăn, da thiếu sự căng bóng, đàn hồi kém cũng xuất hiện ngày một nhiều hơn nếu như không có biện pháp can thiệp kịp thời. Ưu điểm nổi bật của nước uống Collagen Elasten Đức Hỗ trợ cải thiện làn da, tái tạo và trẻ hoá làn da chỉ sau 4 tuần sử dụng. Hỗ trợ chống oxy hoá, làm chậm quá trình lão hoá da tự nhiên của cơ thể Hỗ trợ làm mờ các vết thâm sạm, làm đều màu da, nuôi dưỡng làn da trắng sáng từ sâu bên trong Hỗ trợ củng cố hệ miễn dịch, nuôi dưỡng tóc và móng chắc khỏe, giảm gãy rụng móng, xơ rối tóc Sự thay đổi làn da sau 4 tuần sử dụng Collagen dạng nước của Đức Elasten Collagen Elasten dạng nước của Đức có tốt không? Collagen Elasten của Đức là sản phẩm Collagen dạng nước cao cấp thuộc Quiris Healthcare - Đơn vị phát triển và phân phối các loại thực phẩm chức năng nổi tiếng của Đức. Quiris Healthcare cam kết tất cả nguyên liệu thô đều đáp ứng các tiêu chuẩn khắt khe của châu Âu, tự nhiên, lành tính. Năm 2020, hãng Elasten dẫn đầu doanh số thức uống làm đẹp tại Đức. Elasten Collagen có chứa công thức [HC] Collagen Complex® độc quyền được nghiên cứu bởi Đại học Hamburg - thuộc top 1% xếp hạng đại học toàn cầu về học thuật, kết hợp với Đại học Münster - trường đại học lớn thứ 5 trên toàn nước Đức, hỗ trợ tăng khả năng hấp thu Collagen, đồng thời kích thích cơ thể tăng sinh Collagen cần thiết. Hàm lượng Collagen thuỷ phân trong Collagen của Elasten Đức tương thích lên tới 90% Collagen ở người. Hấp thu vào cơ thể nhanh hơn các loại Collagen khác, chúng không bị đào thải hay gây ra các phản ứng phụ đối với cơ thể. Nước uống Collagen Elasten có vị cherry thơm ngọt, chua nhẹ, dễ uống, không có vị tanh như một số Collagen làm từ da lợn, da cá hoặc gà. Collagen Elasten cực kỳ được phụ nữ châu Á ưa chuộng Thành phần chính của Collagen nước của Đức Easten Collagen thuỷ phân (2500mg) Vitamin e (Hàm lượng gấp 15 lần bình thường) Vitamin C Biotin (Hay Vitamin H/B7) Kẽm Chiết xuất cherry Và một số thành phần bổ trợ khác. Đối tượng sử dụng Collagen dạng nước của Đức Elasten dùng được cho nam giới và nữ giới trong độ tuổi từ 25 trở lên. Người có nhu cầu làm đẹp da và trẻ hóa da. Người có làn da bị thiếu độ ẩm, xuất hiện dấu hiệu tuổi tác. Người có làn da đang bị tổn thương, người chuẩn bị hoặc vừa trải qua quá trình phẫu thuật thẩm mỹ. Người có chế độ làm việc thường xuyên thức khuya, môi trường độc hại. Người đang thực hiện chế độ giảm cân. Lành tính cho người đang gặp vấn đề về dạ da, đường huyết. Hướng dẫn sử dụng Collagen Đức Lắc nhẹ ống để hoà tan Collagen lắng dưới ống, mở nắp và có thể uống trực tiếp. Lưu ý: Uống 1 ống (tương đương 25ml)/ngày. Liệu trình bổ sung collagen là 3 tháng, sau đó nghỉ 1-3 tháng. Ngon hơn khi uống lạnh Nên uống Elasten Collagen vào buổi sáng để đạt hiệu quả tối ưu. Có thể uống Elastin trước bữa ăn sáng hoặc trước khi đi ngủ khoảng 30 phút. Chú ý uống đủ 1.5 - 2 lít nước mỗi ngày. Nên uống Collagen Eslatin tối thiểu 3 hộp để thấy được hiệu quả cải thiện Chống chỉ định: Không sử dụng cho phụ nữ mang thai và đang cho con bú, trẻ em dưới 16 tuổi. Không sử dụng cho những người có vấn đề về sức khỏe, những người bị dị ứng protein. Cách bảo quản: Bảo quản nơi khô ráo, thoáng mát, tránh ánh nắng trực tiếp Feedback của khách hàng Chiaki khi sử dụng Collagen Elasten của Đức Một số thành tựu nổi bật của Elasten Collagen của Đức Nhờ những chuẩn mực kiên định được đặt ra, t hức uống Elasten Collagen đã nhận được sự tin tưởng và ghi nhận từ giới chuyên môn và mang về rất nhiều những giải thưởng danh giá, có thể kể kến như: Giải thưởng TINA - TINA AGELESS BEAUTY AWARD 2017 - Hạng mục mỹ phẩm cải thiện dấu hiệu tuổi tác. Giải thưởng Die Erfolgreiche Apotheke - Top Brand 2018 - Hạng mục mỹ phẩm OTD. Giải nhì Inspirato Pharma Marketing Award 2018 - Hạng mục quảng cáo dành cho mỹ phẩm OTD của năm. Giải nhì bình chọn Healthcare Marketing Wachstumschampion 2017 - 2018 - Hạng mục quảng cáo cho dược mỹ phẩm của năm. Giải thưởng PRIX DE BEAUTÉ 2019 do tạp chí COSMOPOLITAN trao tặng dành cho hạng mục Mỹ phẩm cải thiện dấu hiệu tuổi tác nổi bật và sáng tạo của năm. Giải thưởng TINA - TINA AGELESS BEAUTY AWARD 2020 - Hạng mục kinh điển dành cho mỹ phẩm cải thiện dấu hiệu tuổi tác của năm. ... Elasten Collagen nhận về rất nhiều giải thưởng danh giá Một số câu hỏi khi sử dụng Collagen Elasten dạng nước 1. Collagen Elasten dạng nước có xuất xứ từ đâu? Collagen Elasten dạng nước thuộc thương hiệu Elasten của Đức, là sản phẩm Collagen cao cấp hiện đang rất được ưa chuộng và sử dụng rộng rãi trên nhiều thị trường quốc tế, trong đó có Việt Nam. 2. Collagen Elasten dạng nước có dễ uống không? Collagen Elasten dạng nước giúp cơ thể dễ dàng hấp thụ với hương vị cherry thơm ngon, dễ uống, không gây tanh hay khó uống. 3. Collagen Elasten uống lúc nào? Chuyên gia khuyến cáo nên uống Collagen Elastin vào buổi sáng, trước hoặc trong bữa ăn đều được để đạt hiệu quả tối ưu. 4. Collagen Elasten bao nhiêu tuổi uống được? Theo hướng dẫn từ nhà sản xuất, thời điểm thích hợp để uống Collagen Elasten là từ tuổi 25. 5. Collagen Elasten có dùng cho phụ nữ cho con bú được không? Về bản chất, các sản phẩm collagen không gây hại cho mẹ và bé. Tuy nhiên, giai đoạn sau sinh khá nhạy cảm, các mẹ vẫn nên tham khảo tư vấn của chuyên gia để có hướng dẫn phù hợp, tránh những ảnh hưởng không mong muốn. THÔNG TIN CHI TIẾT SẢN PHẨM Tên sản phẩm Collagen Elasten dạng nước chính hãng Đức Phân nhóm Collagen Nhà sản xuất Elasten Xuất xứ thương hiệu Đức Quy cách đóng gói Hộp 28 lọ Giá bán 1.890.000 VNĐ/Hộp Thực phẩm này không phải là thuốc, không có tác dụng thay thế thuốc chữa bệnh. Hiệu quả sử dụng tùy thuộc cơ địa từng người.","[""mình vừa nhận được hàng, đóng gói cẩn thận"", ""Mình dc thử từ con bạn mới đi Đức về, uống cũng khá lâu thấy da trắng mướt mát, da mềm mịn luôn í"", ""mùi bảo thơm dễ chịu, chua nhẹ cá nhân tui thấy dễ uống nha"", ""vừa nhận hàng, hộp xịn xò"", ""Hàng đúng hãng , ok"", ""2. Viết nhận xét của bạn vào bên dưới:"", ""Nội dung không được vượt quá 800 kí tự!"", ""3. Thông tin cá nhân của bạn"", ""(Thông tin của bạn luôn được bảo mật)""]"
https://chiaki.vn/vien-uong-dau-nhuc-xuong-khop-toa-cot-thien-ma-thong-phong-hoan-xuat-xu-malaysia-hop-30-vien-ma-2077,Thực phẩm chức năng / thuốc,"Viên Uống Đau Nhức Xương Khớp Tọa Cốt Thiên Ma Thống Phong Hoàn - Giải Pháp Từ Thiên Nhiên Xuất Xứ Malaysia, Hộp 30 Viên - Mã 2077",170.000 đ,"Viên uống đau nhức xương khớp Tọa cốt thiên ma thống phong hoàn xuất xứ Malaysia - Hộp 30 viên Viên uống đau nhức xương khớp Tọa cốt thiên ma thống phong hoàn là giải pháp hiệu quả cho những ai đang gặp phải tình trạng đau nhức xương khớp. Sản phẩm này được sản xuất tại Malaysia với thành phần hoàn toàn tự nhiên, lành tính cho sức khỏe và đặc biệt là dễ sử dụng. Mỗi hộp chứa 30 viên, tiện lợi để mang theo và sử dụng hàng ngày. Những lợi ích của viên uống Tọa cốt thiên ma thống phong hoàn Giảm biểu hiện đau nhức xương khớp, tê bì chân tay. Cải thiện tình trạng thiếu chất nhầy khớp gối và khô khớp. Hỗ trợ điều giải quyết thoát vị đĩa đệm, viêm đa khớp dạng thấp và viêm xương khớp. Thúc đẩy bảo vệ và tái tạo màng sụn khớp, tăng cường sức mạnh gân cơ khớp. Giúp giảm biểu hiện đau thần kinh tọa và vấn đề sức khỏe. Viên uống này không chỉ hỗ trợ trong việc giảm đau mà còn cung cấp các dưỡng chất cần thiết cho hệ thống xương khớp, giúp duy trì sức khỏe tổng thể. Sản phẩm đặc biệt hữu ích cho người lớn tuổi hoặc những người lao động nặng thường xuyên phải chịu áp lực lên khớp. Cách sử dụng viên uống Tọa cốt thiên ma thống phong hoàn Mỗi ngày, người trưởng thành nên uống 2-3 lần, mỗi lần 1 viên. Để đạt được hiệu quả tốt, nên uống viên uống sau bữa ăn ít 30 phút. Cách sử dụng đơn giản được khuyến cáo bạn có thể dễ dàng duy trì thói quen chăm sóc sức khỏe xương khớp hàng ngày. Thành phần của viên uống Sản phẩm được chiết xuất từ các thành phần thiên nhiên, bao gồm các nguyên liệu hỗ trợ quý giúp hỗ trợ cải thiện sức khỏe khớp. Viên uống không chứa chất bảo quản hay hóa chất độc hại, lành tính cho người dùng. Đối tượng sử dụng Viên uống Tọa cốt thiên ma thống phong hoàn thích hợp cho: Người cao tuổi có nguy cơ cao mắc các vấn đề sức khỏe về xương khớp. Người lao động nặng, thường xuyên chịu áp lực lên xương khớp. Các vận động viên hoặc những người tập luyện thể thao phải sử dụng nhiều đến khớp. Hãy bắt đầu chăm sóc sức khỏe xương khớp của bạn ngay hôm nay với viên uống Tọa cốt thiên ma thống phong hoàn. Sản phẩm mang lại lợi ích thiết thực, dễ dàng tích hợp vào cuộc sống hàng ngày, giúp bạn tận hưởng cuộc sống năng động và vui vẻ hơn. Thực phẩm này không phải là thuốc, không có tác dụng thay thế thuốc chữa bệnh. Hiệu quả sử dụng tùy thuộc cơ địa từng người.","[""Quá tệ,tương tác với khách hàng như cha chú ngta,loại vô văn hóa..."", ""Uống đúng hướng dẫn là thấy hiệu quả luôn nhá ^^ Xương khớp linh hoạt hơn, chơi thể thao đỡ đau :3"", ""Mấy hôm đầu chưa thấy gì, sau 2 tuần thì hiệu quả dần dần."", ""Không sốt hay chóng mặt, mình còn thấy ngủ ngon hơn. Hộp nhỏ bỏ túi tiện phết"", ""Đỡ nhức vai quá, chắc sẽ kiên trì dùng thử thêm."", ""Hy vọng càng dùng càng giảm đau (y) ^^"", ""Dùng kết hợp massage thì hiệu quả rõ lắm nhen =) Ba mẹ mình cũng mới uống mà thấy đi lại linh hoạt. Vị ko khó chịu."", ""Uống xong bụng ko bị nặng như loại viên nang khác :’)"", ""Giá ổn, đóng gói kĩ. Tác dụng ko tức thì như thuốc tây mà kiểu từ từ, mấy hôm thấy bớt nhức tay."", ""Sẽ mua lại tiếp nếu còn giảm giá XD"", ""Uống loại này xong ngủ sâu hơn, tối xoay người không còn nhức mỏi."", ""Đã thử nhiều loại của Việt Nam nhưng dùng cái này dễ chịu hơn, đóng gói cũng chắc chắn =]"", ""Hàng chuẩn, mỗi ngày mình uống đúng liều thấy tiến triển. Trước nhấc chân lên cầu thang khó, giờ đỡ nhiều. Tất nhiên phải dùng đều không nóng vội gì được"", ""Dùng thử rồi, ổn hơn mấy loại thuốc bắc với tây y từng thử, nhất là khoản đỡ tê cơ mỗi sáng thức dậy, giao hàng nhanh như Tốc độ ánh sáng XD""]"
https://chiaki.vn/vien-uong-bo-sung-magie-now-magnesium-glycinate-with-bioperine-180-vien-nang-thuc-vat-ho-tro-he-than-kinh-cua-my,Thực phẩm chức năng / thuốc,"Viên uống bổ sung Magie NOW Magnesium Glycinate - 180 Viên nang thực vật, Hỗ trợ sức khỏe hệ thần kinh, Giảm căng thẳng",610.000 đ,"Viên uống bổ sung Magie NOW Magnesium Glycinate with BioPerine - 180 Viên nang thực vật, Hỗ trợ hệ thần kinh của Mỹ Viên uống bổ sung Magie NOW Magnesium Glycinate with BioPerine là một sản phẩm chất lượng từ Mỹ, giúp hỗ trợ sức khỏe hệ thần kinh một cách hiệu quả. Với 180 viên nang thực vật, sản phẩm này cung cấp một lượng magie cần thiết cho cơ thể, từ đó giúp cải thiện chức năng thần kinh và giảm bớt căng thẳng. Đặc biệt, viên uống này còn được bổ sung BioPerine, một thành phần chiết xuất từ hạt tiêu đen, giúp tăng cường khả năng hấp thụ của magie, mang lại hiệu quả tối ưu cho người sử dụng. Tại sao nên chọn sản phẩm này? Cung cấp một lượng magie cao, giúp hỗ trợ hệ thần kinh khỏe mạnh và giảm căng thẳng. BioPerine trong công thức giúp nâng cao khả năng hấp thụ magie, mang lại hiệu quả gấp đôi. Sản phẩm có dạng viên nang thực vật, dễ sử dụng và phù hợp với chế độ ăn chay. Chi tiết về sản phẩm: Viên uống bổ sung Magie NOW Magnesium Glycinate được tạo ra từ magie glycinate, một dạng magie dễ dàng hấp thụ hơn so với các dạng khác. Điều này có nghĩa là bạn sẽ nhận được lợi ích tối đa từ mỗi viên uống mà không cần lo lắng về các Ưu điểm phụ khó chịu thường thấy với magie. Thông tin dinh dưỡng: Magnesium (dưới dạng magnesium glycinate): 200 mg BioPerine (hạt tiêu đen): 5 mg Cách sử dụng: Sử dụng 2 viên mỗi ngày, tốt là cùng với bữa ăn để đạt hiệu quả cao. Hãy nhớ uống đủ nước trong quá trình sử dụng. Lợi ích của việc bổ sung Magie: Hỗ trợ chức năng thần kinh và tâm trạng tích cực. Giúp giảm căng thẳng và mệt mỏi, cải thiện chất lượng giấc ngủ. Cần thiết cho sự co thắt cơ bắp, hỗ trợ hoạt động thể chất và sức khỏe tim mạch. Sản phẩm này rất phù hợp với những ai thường xuyên bị stress, căng thẳng hoặc những người có chế độ ăn thiếu hụt magie. Bổ sung viên uống này sẽ giúp bạn cân bằng lại hệ thống thần kinh và tăng cường sức khỏe tổng thể. Chứng nhận và chất lượng: Viên uống bổ sung Magie NOW Magnesium Glycinate được sản xuất theo tiêu chuẩn chất lượng từ Mỹ, được khuyến cáo lành tính và hiệu quả cho người tiêu dùng. Đây là sản phẩm hoàn hảo cho những ai tìm kiếm giải pháp tự nhiên để hỗ trợ sức khỏe tinh thần và thể chất. Kết luận: Với viên uống bổ sung Magie NOW Magnesium Glycinate, bạn sẽ không chỉ nâng cao sức khỏe của hệ thần kinh mà còn cải thiện chất lượng cuộc sống hàng ngày. Hãy bắt đầu bổ sung ngay hôm nay để trải nghiệm sự khác biệt! Thực phẩm này không phải là thuốc, không có tác dụng thay thế thuốc chữa bệnh. Hiệu quả sử dụng tùy thuộc cơ địa từng người.","[""Hàng Fake (hàng nhái), hàng không đúng thông số thành phần trên Chiaki."", ""Lọ thuốc, nhãn lọ thuốc, seal nắp lọ nhìn qua là biết hàng thật. Mở ra bên trong thấy viên thuốc là biết hàng thật luôn!? XUÂN MINH uy tín!"", ""Hấp thụ magie nhanh hơn mấy loại từng thử sv luôn =) Dùng thấy giảm stress, ngủ ổn hơn nhiều, bớt cáu vặt )) Kiểu dạo này đầu óc tỉnh táo hơn lắm, ko còn chán với mấy cái deadline nx XD."", ""Thấy có BioPerine nên chắc mới khác như này á."", ""Đóng gói cũng cẩn thận cực"", ""2. Viết nhận xét của bạn vào bên dưới:"", ""Nội dung không được vượt quá 800 kí tự!"", ""3. Thông tin cá nhân của bạn"", ""(Thông tin của bạn luôn được bảo mật)"", ""Thêm hình sản phẩm nếu có (tối đa 5 hình, dung lượng hình tối đa 5MB):""]"
